step,type,amount,nameOrig,oldbalaneOrg,newbalanceOrig,nameDest,oldbalaneDest,newbalanceDest,isFraud
1,1,9839.64,1231006815,170136,160296.36,1979787155,0,0,0
1,1,1864.28,1666544295,21249,19384.72,2044282225,0,0,0
1,4,181,1305486145,181,0,553264065,0,0,1
1,3,181,840083671,181,0,38997010,21182,0,1
1,1,11668.14,2048537720,41554,29885.86,1230701703,0,0,0
1,1,7817.71,90045638,53860,46042.29,573487274,0,0,0
1,1,7107.77,154988899,183195,176087.23,408069119,0,0,0
1,1,7861.64,1912850431,176087.23,168225.59,633326333,0,0,0
1,1,4024.36,1265012928,2671,0,1176932104,0,0,0
1,5,5337.77,712410124,41720,36382.23,195600860,41898,40348.79,0
1,5,9644.94,1900366749,4465,0,997608398,10845,157982.12,0
1,1,3099.97,249177573,20771,17671.03,2096539129,0,0,0
1,1,2560.74,1648232591,5070,2509.26,972865270,0,0,0
1,1,11633.76,1716932897,10127,0,801569151,0,0,0
1,1,4098.78,1026483832,503264,499165.22,1635378213,0,0,0
1,3,229133.94,905080434,15325,0,476402209,5083,51513.44,0
1,1,1563.82,761750706,450,0,1731217984,0,0,0
1,1,1157.86,1237762639,21156,19998.14,1877062907,0,0,0
1,1,671.64,2033524545,15123,14451.36,473053293,0,0,0
1,4,215310.3,1670993182,705,0,1100439041,22425,0,0
1,1,1373.43,20804602,13854,12480.57,1344519051,0,0,0
1,5,9302.79,1566511282,11299,1996.21,1973538135,29832,16896.7,0
1,5,1065.41,1959239586,1817,751.59,515132998,10330,0,0
1,1,3876.41,504336483,67852,63975.59,1404932042,0,0,0
1,4,311685.89,1984094095,10835,0,932583850,6267,2719172.89,0
1,1,6061.13,1043358826,443,0,1558079303,0,0,0
1,1,9478.39,1671590089,116494,107015.61,58488213,0,0,0
1,1,8009.09,1053967012,10968,2958.91,295304806,0,0,0
1,1,8901.99,1632497828,2958.91,0,33419717,0,0,0
1,1,9920.52,764826684,0,0,1940055334,0,0,0
1,1,3448.92,2103763750,0,0,335107734,0,0,0
1,1,4206.84,215078753,0,0,1757317128,0,0,0
1,1,5885.56,840514538,0,0,1804441305,0,0,0
1,1,5307.88,1768242710,0,0,1971783162,0,0,0
1,1,5031.22,247113419,0,0,151442075,0,0,0
1,1,24213.67,1238616099,0,0,70695990,0,0,0
1,1,8603.42,1608633989,253,0,1615617512,0,0,0
1,1,2791.42,923341586,300481,297689.58,107994825,0,0,0
1,1,7413.54,1470868839,297689.58,290276.03,1426725223,0,0,0
1,1,3295.19,711197015,233633,230337.81,1384454980,0,0,0
1,1,1684.81,1481594086,297,0,1569435561,0,0,0
1,5,5758.59,1466917878,32604,26845.41,1297685781,209699,16997.22,0
1,3,110414.71,768216420,26845.41,0,1509514333,288800,2415.16,0
1,1,7823.46,260084831,998,0,267814113,0,0,0
1,1,5086.48,598357562,0,0,1593224710,0,0,0
1,1,5281.48,1440738283,152019,146737.52,1849015357,0,0,0
1,1,13875.98,484199463,15818,1942.02,2008106788,0,0,0
1,3,56953.9,1570470538,1942.02,0,824009085,70253,64106.18,0
1,3,5346.89,512549200,0,0,248609774,652637,6453430.91,0
1,1,2204.04,1615801298,586,0,490391704,0,0,0
1,1,2641.47,460570271,23053,20411.53,1653361344,0,0,0
1,3,23261.3,2072313080,20411.53,0,2001112025,25742,0,0
1,1,2330.64,816944408,203543,201212.36,909132503,0,0,0
1,1,1614.64,912966811,41276,39661.36,1792384402,0,0,0
1,1,9164.71,1458621573,47235.77,38071.06,1658980982,0,0,0
1,1,2970.97,46941357,38071.06,35100.09,1152606315,0,0,0
1,1,38.66,343345308,16174,16135.34,1714688478,0,0,0
1,1,2252.44,104716441,1627,0,1506951181,0,0,0
1,4,62610.8,1976401987,79114,16503.2,1937962514,517,8383.29,0
1,5,5529.13,867288517,8547,3017.87,242131142,10206,0,0
1,3,82940.31,1528834618,3017.87,0,476800120,132372,49864.36,0
1,5,4510.22,280615803,10256,5745.78,1254526270,10697,0,0
1,5,8727.74,166694583,882770,874042.26,1129670968,12636,0,0
1,1,2599.46,885910946,874042.26,871442.79,1860591867,0,0,0
1,5,4874.49,811207775,153,0,1971489295,253104,0,0
1,1,6440.78,1161148117,2192,0,516875052,0,0,0
1,1,4910.14,1131592118,41551,36640.86,589987187,0,0,0
1,1,6444.64,1262609629,12019,5574.36,587180314,0,0,0
1,5,5149.66,1955990522,4782,0,1330106945,52752,24044.18,0
1,1,7292.16,69673470,216827,209534.84,1082411691,0,0,0
1,3,47458.86,527211736,209534.84,162075.98,2096057945,52120,0,0
1,3,136872.92,1533123860,162075.98,25203.05,766572210,217806,0,0
1,3,94253.33,1718906711,25203.05,0,977993101,99773,965870.05,0
1,1,2998.04,71802912,12030,9031.96,2134271532,0,0,0
1,1,3454.08,686349795,9031.96,5577.88,1831010686,0,0,0
1,1,4316.2,1423768154,10999,6682.8,404222443,0,0,0
1,1,2131.84,1987977423,224,0,61073295,0,0,0
1,1,12986.61,807322507,23350,10363.39,396485834,0,0,0
1,4,42712.39,283039401,10363.39,0,1330106945,57901.66,24044.18,0
1,4,77957.68,207471778,0,0,1761291320,94900,22233.65,0
1,4,17231.46,1243171897,0,0,783286238,24672,0,0
1,4,78766.03,1376151044,0,0,1749186397,103772,277515.05,0
1,4,224606.64,873175411,0,0,766572210,354678.92,0,0
1,4,125872.53,1443967876,0,0,392292416,348512,3420103.09,0
1,4,379856.23,1449772539,0,0,1590550415,900180,1.92E+07,0
1,4,1505626.01,926859124,0,0,665576141,29031,5515763.34,0
1,4,554026.99,1603696865,0,0,766572210,579285.56,0,0
1,4,147543.1,12905860,0,0,1359044626,223220,16518.36,0
1,4,761507.39,412788346,0,0,1590550415,1280036.23,1.92E+07,0
1,4,1429051.47,1520267010,0,0,1590550415,2041543.62,1.92E+07,0
1,4,358831.92,908084672,0,0,392292416,474384.53,3420103.09,0
1,4,367768.4,288306765,0,0,1359044626,370763.1,16518.36,0
1,4,209711.11,1556867940,0,0,1509514333,399214.71,2415.16,0
1,4,583848.46,1839168128,0,0,1286084959,667778,2107778.11,0
1,4,1724887.05,1495608502,0,0,1590550415,3470595.1,1.92E+07,0
1,4,710544.77,835773569,0,0,1359044626,738531.5,16518.36,0
1,4,581294.26,843299092,0,0,1590550415,5195482.15,1.92E+07,0
1,4,11996.58,605982374,0,0,1225616405,40255,0,0
1,1,2875.1,1412322831,15443,12567.9,1651262695,0,0,0
1,1,8586.98,1305004711,3763,0,494077446,0,0,0
1,1,871.75,1003206025,19869,18997.25,989889899,0,0,0
1,1,1035.36,806813022,71636,70600.64,902860396,0,0,0
1,1,1063.53,1406206626,83084,82020.47,1816522350,0,0,0
1,1,1019.9,1799230133,204237,203217.1,1521238608,0,0,0
1,1,4059.38,20156341,26304,22244.62,1111897955,0,0,0
1,1,1876.44,1509309988,182,0,1643141512,0,0,0
1,3,28404.6,2091072548,0,0,1282788025,51744,0,0
1,3,75405.1,263053820,0,0,1870252780,104209,46462.23,0
1,3,50101.88,1740826931,0,0,97730845,67684,9940339.29,0
1,3,14121.82,69062746,0,0,100555887,52679,10963.66,0
1,3,78292.91,1631227617,0,0,1983747920,121112,95508.95,0
1,3,176149.9,24650043,0,0,736709391,259813,46820.71,0
1,3,212228.35,1896074070,0,0,401424608,429747,1178808.14,0
1,3,85423.63,460741164,0,0,1590550415,5776776.41,1.92E+07,0
1,3,11648.5,781091365,0,0,985934102,260976,971418.91,0
1,1,6165.58,1858015030,20925,14759.42,25764044,0,0,0
1,1,3705.83,671596011,41903.46,38197.63,1925352804,0,0,0
1,3,419801.4,1687354037,38197.63,0,33524623,499962,1517262.16,0
1,3,335416.51,743778731,144478,0,575335780,295,52415.15,0
1,1,3372.29,967323951,41398,38025.71,1600594643,0,0,0
1,1,661.43,743648472,14078,13416.57,692998280,0,0,0
1,5,864.68,1368862151,69836,68971.32,20671747,12040,43691.09,0
1,1,1203.44,922807452,29941,28737.56,33563464,0,0,0
1,4,330757.04,1494346128,103657,0,564160838,79676,1254956.07,0
1,1,1915.43,822087264,11450,9534.57,30699728,0,0,0
1,1,8.73,38603201,81313,81304.27,1422273905,0,0,0
1,5,3058.8,1694784135,18138,15079.2,801197928,11054,8917.54,0
1,1,5154.97,1207231495,9476,4321.03,756936249,0,0,0
1,1,5213.25,1221981006,36380,31166.75,264394929,0,0,0
1,1,5392.75,1878413714,50757,45364.25,769132147,0,0,0
1,1,25.12,1257299717,61663,61637.88,1474957626,0,0,0
1,1,17150.89,181252244,61637.88,44486.99,1733022752,0,0,0
1,4,679502.24,722417467,290,0,451111351,171866,3940085.21,0
1,4,177652.91,753631393,23720,0,716157500,55,4894.45,0
1,1,5443.26,1262869688,236997,231553.74,1914108708,0,0,0
1,1,244.87,544386226,257978.49,257733.62,1357700757,0,0,0
1,1,8281.57,900298796,257733.62,249452.05,1889757798,0,0,0
1,1,1175.59,1166106620,20509,19333.41,1932470703,0,0,0
1,1,1097.74,221861886,24866,23768.26,1713568869,0,0,0
1,4,184986.8,697508322,39588,0,1688019098,52340,97263.78,0
1,1,1718.29,603658030,117811,116092.71,1689924104,0,0,0
1,1,3671.32,361380654,100094,96422.68,631673932,0,0,0
1,5,3580.26,1579132337,2565,0,1321640594,21185,18910.85,0
1,1,8550.9,1795225096,40060,31509.1,790094605,0,0,0
1,1,9753.55,1048712791,60829,51075.45,487792155,0,0,0
1,1,3026.98,1909398279,31139,28112.02,1632670136,0,0,0
1,3,467177.03,1338905451,28112.02,0,1170794006,975121,22190.99,0
1,5,3875.99,1252540239,259138,255262.01,1509514333,608925.82,2415.16,0
1,1,2148.89,1136005694,31213,29064.11,638486177,0,0,0
1,1,466.97,426019904,80030,79563.03,314411620,0,0,0
1,3,154139.72,1642679791,79563.03,0,564160838,410433.04,1254956.07,0
1,3,82685.93,855700733,0,0,392292416,833216.44,3420103.09,0
1,3,83857.23,247162961,0,0,1297685781,215457.59,16997.22,0
1,3,99109.77,1890266440,0,0,1297685781,299314.82,16997.22,0
1,3,187726.67,1527152775,0,0,747464370,190573,1567434.81,0
1,3,281339.92,1863655430,0,0,1509514333,612801.81,2415.16,0
1,3,186447.51,976827477,0,0,1590550415,5862200.03,1.92E+07,0
1,3,81029.86,324112183,0,0,288665596,105343,8496.61,0
1,3,139054.95,2092709730,0,0,1749186397,182538.03,277515.05,0
1,3,154716.2,980364771,0,0,453211571,187433,3461666.05,0
1,3,53631.83,1233595751,0,0,757108857,83244,0,0
1,3,289645.52,1446001495,0,0,1023714065,871442.79,1412484.09,0
1,3,267148.82,1261044180,0,0,401424608,641975.35,1178808.14,0
1,3,47913.58,141110631,0,0,240650537,51304,0,0
1,3,193605.38,2029372696,0,0,1971489295,249452.05,0,0
1,3,344464.4,793293778,0,0,766572210,1133312.56,0,0
1,3,169409.87,888611662,0,0,401424608,909124.16,1178808.14,0
1,3,25793.74,1966355106,0,0,476800120,215312.31,49864.36,0
1,3,114712.48,599782425,0,0,1209271652,145400,0,0
1,3,89038.75,1233327519,0,0,2083562754,189808,1186556.81,0
1,3,1341.58,1155769010,0,0,557041912,80341,557537.26,0
1,3,44443.08,269892014,0,0,1590550415,6048647.54,1.92E+07,0
1,3,34729.64,1280641161,0,0,1435804085,44853,96.88,0
1,3,105979.34,489411441,0,0,736709391,435962.9,46820.71,0
1,3,57794.61,1141113940,0,0,240650537,99217.58,0,0
1,3,15918.79,1711185459,0,0,1854778591,24553,0,0
1,3,19162.08,25936709,0,0,885951223,60169,215851.28,0
1,3,220691.42,1123559518,0,0,1590550415,6093090.62,1.92E+07,0
1,3,9536.54,649769713,0,0,1060830840,49161,130747.56,0
1,3,29784.06,925150995,0,0,920011586,63553,0,0
1,3,190445.51,1760219993,0,0,1360767589,203679,2107965.39,0
1,3,57279.11,1800649922,0,0,824009085,127206.9,64106.18,0
1,3,112086.81,403547747,0,0,1531333864,292728,55974.56,0
1,3,80311.89,172215878,0,0,434091818,87408,63112.23,0
1,3,151829.91,873309260,0,0,1023714065,1161088.31,1412484.09,0
1,3,26004.52,1112456099,0,0,1225616405,52251.58,0,0
1,3,3146.16,923083575,0,0,1504109395,9471,593737.38,0
1,3,296752.75,589363823,0,0,1531333864,404814.81,55974.56,0
1,3,191702.06,2052457859,0,0,985934102,272624.5,971418.91,0
1,3,365510.05,1299327689,0,0,564160838,564572.76,1254956.07,0
1,3,202332.08,1408279755,0,0,453211571,342149.2,3461666.05,0
1,3,55105.9,2007486296,0,0,932583850,317952.89,2719172.89,0
1,3,171508.59,1033348658,0,0,1971489295,443057.43,0,0
1,3,178439.26,1634723627,0,0,2083562754,278846.75,1186556.81,0
1,3,88834.86,938463537,0,0,985934102,464326.57,971418.91,0
1,3,210370.09,2121995675,0,0,1170794006,1442298.03,22190.99,0
1,3,36437.06,2120063568,0,0,1740000325,154606,1363368.51,0
1,3,82691.56,1620409359,0,0,248609774,657983.89,6453430.91,0
1,3,338767.1,691691381,0,0,453211571,544481.28,3461666.05,0
1,3,187728.59,264978436,0,0,1360767589,394124.51,2107965.39,0
1,3,271002.7,500618423,0,0,451111351,851368.24,3940085.21,0
1,3,323105.08,1458091526,0,0,747464370,378299.67,1567434.81,0
1,3,10782.94,768776793,0,0,796533847,100585,0,0
1,3,89962.11,2018260103,0,0,240650537,157012.19,0,0
1,3,101940.14,1393828949,0,0,357863579,105362,92307.65,0
1,3,163100.34,1088417975,0,0,401424608,1078534.03,1178808.14,0
1,3,136030.66,2036775591,0,0,757108857,136875.83,0,0
1,3,68912.23,1620529408,0,0,1688019098,237326.8,97263.78,0
1,3,73464.06,307488715,0,0,1789550256,444779,4619798.56,0
1,3,106117.28,758572926,0,0,476402209,234216.94,51513.44,0
1,3,503333.79,1640612861,0,0,985934102,553161.42,971418.91,0
1,3,71991.42,990679445,0,0,557041912,81682.58,557537.26,0
1,3,91379.93,913065088,0,0,401424608,1241634.38,1178808.14,0
1,3,26759.05,746280996,0,0,1360767589,581853.1,2107965.39,0
1,3,128487.35,50503805,0,0,747464370,701404.75,1567434.81,0
1,3,252908.87,1557989809,0,0,33524623,919763.4,1517262.16,0
1,3,64489.64,146874094,0,0,1297685781,398424.59,16997.22,0
1,3,171369.73,2123222442,0,0,451111351,1122370.94,3940085.21,0
1,1,4493.29,1746570062,8258,3764.71,1555990397,0,0,0
1,1,12121.5,1544078442,97058,84936.5,1291367132,0,0,0
1,1,2278.19,1887699190,290,0,1479140596,0,0,0
1,1,7707.44,1108889615,99827,92119.56,1275028674,0,0,0
1,1,4013.02,455888635,92119.56,88106.55,204805934,0,0,0
1,1,5775.15,204322447,132329,126553.85,1019484860,0,0,0
1,1,4843.93,1164365897,51718,46874.07,1640899500,0,0,0
1,1,2397.82,3565780,20421,18023.18,473666452,0,0,0
1,1,4391.44,1865219266,228,0,2138005960,0,0,0
1,5,4497.87,1278002745,107388,102890.13,510113906,19053,5417.23,0
1,1,7452.89,214649627,102397,94944.11,67730604,0,0,0
1,1,3930.81,15477956,6032,2101.19,710623214,0,0,0
1,3,71532.24,2082351661,2101.19,0,1810132623,74956,97128.19,0
1,3,61159.51,859690270,0,0,476402209,340334.22,51513.44,0
1,3,12401.9,1389774257,0,0,1096283470,349763,0,0
1,3,32702.61,553759818,0,0,75457651,253053,31469.78,0
1,1,6926.67,751021317,152927,146000.33,1896552614,0,0,0
1,1,893.57,294658299,10676,9782.43,1033856359,0,0,0
1,4,480222.51,201677908,11110,0,451111351,1293740.67,3940085.21,0
1,1,3608.41,635611994,11150,7541.59,904253669,0,0,0
1,1,5946.79,1930903395,7541.59,1594.8,1431710377,0,0,0
1,1,6099.96,1700721442,42133,36033.04,2116511124,0,0,0
1,1,372.34,872522004,65254,64881.66,1348916831,0,0,0
1,1,4635.18,1110698130,6313782.05,6309146.87,125644421,0,0,0
1,1,1267.97,1053632127,6309146.87,6307878.9,1493158871,0,0,0
1,1,6911.99,89509666,6307878.9,6300966.92,1806880779,0,0,0
1,1,1795.67,1016856028,6300966.92,6299171.25,446445803,0,0,0
1,1,3199.06,832292933,6299171.25,6295972.18,1280603381,0,0,0
1,1,10265.17,792855998,6295972.18,6285707.02,1424108509,0,0,0
1,1,9029.12,1003755748,25480,16450.88,1414013111,0,0,0
1,1,7600.57,1805164661,50747,43146.43,778162712,0,0,0
1,1,2057.71,896138248,25132,23074.29,548482954,0,0,0
1,1,3823.08,243575009,10382,6558.92,777341499,0,0,0
1,4,2806,1420196421,2806,0,972765878,0,0,1
1,3,2806,2101527076,2806,0,1007251739,26202,0,1
1,1,6737.2,1454026445,624,0,1378497201,0,0,0
1,1,9161.98,892931811,11128,1966.02,1577167234,0,0,0
1,1,1239.06,1574873161,396386,395146.94,1591916281,0,0,0
1,1,365,600958416,319,0,1884231057,0,0,0
1,1,5237.54,1492875057,27105,21867.46,333793193,0,0,0
1,1,2618.76,1068945248,21867.46,19248.7,937277082,0,0,0
1,1,339.82,882646447,12076,11736.18,234740890,0,0,0
1,5,1393.46,79290250,100068,98674.54,1076835071,26446,318637.36,0
1,1,2731.37,1586151649,17540,14808.63,179294202,0,0,0
1,1,8364.73,1767230265,81,0,593103894,0,0,0
1,1,6598.71,727666004,16392,9793.29,1601935322,0,0,0
1,1,4304.58,414225167,10708,6403.42,1803093683,0,0,0
1,1,2867.14,975033189,943,0,962287291,0,0,0
1,1,2946.38,628064884,0,0,109069556,0,0,0
1,1,507.12,1389509050,87005,86497.88,828326869,0,0,0
1,1,3020.86,1761217448,50361,47340.14,1817789863,0,0,0
1,1,8948.03,788905599,11137,2188.97,1678709153,0,0,0
1,3,280877.92,1544614339,2188.97,0,1297685781,462914.23,16997.22,0
1,1,1084.9,2059592603,13727,12642.1,2016828666,0,0,0
1,1,9456.69,1688782916,12642.1,3185.41,1064154107,0,0,0
1,1,5812.36,1390301622,3185.41,0,415565467,0,0,0
1,4,157883.07,973936431,46547,0,1335050193,72793,353532.56,0
1,1,2734.77,1756207614,4511,1776.23,1214133948,0,0,0
1,3,102153.86,2015301874,1776.23,0,1335050193,230676.07,353532.56,0
1,1,584.52,712627377,15479,14894.48,782228073,0,0,0
1,1,6113.14,399373008,15629,9515.86,391506011,0,0,0
1,3,369989.2,1936550492,9515.86,0,1789550256,518243.06,4619798.56,0
1,3,215338.28,594651850,0,0,75457651,285755.61,31469.78,0
1,3,65521.42,1532139270,0,0,920011586,93337.06,0,0
1,3,116977.58,1677568775,0,0,1740000325,191043.06,1363368.51,0
1,3,262392.36,2069500590,0,0,2083562754,457286.01,1186556.81,0
1,3,51121.05,1431556341,0,0,1740000325,308020.64,1363368.51,0
1,3,202624.59,452364286,0,0,985934102,1056495.21,971418.91,0
1,3,118235.16,350069300,0,0,1335050193,332829.93,353532.56,0
1,3,118056.71,1060703587,0,0,757108857,272906.49,0,0
1,3,498960.91,1957078537,0,0,1360767589,608612.15,2107965.39,0
1,3,691738.36,1514214932,0,0,1590550415,6285707.02,1.92E+07,0
1,3,58820.08,594858858,0,0,1360767589,1107573.06,2107965.39,0
1,1,4419.04,1423016050,52951,48531.96,352776719,0,0,0
1,1,4270.02,1202042637,9516,5245.98,1112527632,0,0,0
1,1,3007.83,440736059,49905,46897.17,955324150,0,0,0
1,1,1824.59,1384563514,25138,23313.41,1852661033,0,0,0
1,1,993.46,1548946718,19448,18454.54,1814423236,0,0,0
1,3,302693.14,140404585,18454.54,0,1688019098,306239.03,97263.78,0
1,1,1445.06,207546206,10892,9446.94,1218519094,0,0,0
1,1,4059.25,200404000,4186,126.75,1894758168,0,0,0
1,1,3417.18,191945292,126.75,0,1242688388,0,0,0
1,5,3428.95,1317375498,147798,144369.05,665576141,1534657.01,5515763.34,0
1,1,5580.98,1130346421,7781,2200.02,1316005672,0,0,0
1,5,3455.85,192428201,3509,53.15,401424608,1333014.31,1178808.14,0
1,1,7265.63,1768882706,14508,7242.37,1463022229,0,0,0
1,1,3852.64,472991420,1449076.27,1445223.63,1455855843,0,0,0
1,1,7870.29,1202220987,1445223.63,1437353.34,256346753,0,0,0
1,5,12872.92,425015667,11197,0,466505482,51885,0,0
1,1,6675.34,2075568954,10107,3431.66,2145896000,0,0,0
1,3,410201.89,1279740095,21448,0,1750905143,61613,424250.45,0
1,1,13310.78,2095677157,0,0,852026681,0,0,0
1,1,664.35,1943855334,102983,102318.65,94919826,0,0,0
1,1,2130.3,847320212,10958,8827.7,1201004240,0,0,0
1,1,7771.4,1406848276,8827.7,1056.3,349259569,0,0,0
1,1,36349.35,785306763,1056.3,0,1204088028,0,0,0
1,1,749.34,1123236701,0,0,1552221437,0,0,0
1,1,2340.34,79161706,0,0,1685407532,0,0,0
1,1,9686.85,1057468716,0,0,1272051933,0,0,0
1,1,15785.85,1888924788,0,0,1041547629,0,0,0
1,1,9006.78,1016633682,0,0,2018220300,0,0,0
1,1,9014.95,1027319653,0,0,633079302,0,0,0
1,1,14420.66,1561745898,0,0,2033268925,0,0,0
1,1,4802.31,424786033,0,0,1545077099,0,0,0
1,1,28527.44,867093003,0,0,1135278099,0,0,0
1,1,4182.93,1470911015,0,0,1268974304,0,0,0
1,1,4088.21,244872973,0,0,451312813,0,0,0
1,1,8491.9,795748540,0,0,2081000371,0,0,0
1,5,6666.78,837073696,11876,5209.22,655381473,24777,189534.74,0
1,1,6536.86,416201381,17319,10782.14,1178290888,0,0,0
1,3,40684.97,1985938863,10782.14,0,1291286504,49530,66575.5,0
1,1,1553.21,1660325375,31516,29962.79,251664534,0,0,0
1,5,7344.92,334593716,0,0,485041780,185432,0,0
1,3,106267.21,487416600,0,0,476800120,241106.05,49864.36,0
1,1,5491.5,1271041075,36605,31113.5,1141500277,0,0,0
1,1,3666.42,1544895390,48117,44450.58,712410791,0,0,0
1,1,5507.18,1971991758,36030,30522.82,2126723403,0,0,0
1,5,4565.14,201274566,30265,25699.86,747464370,829892.09,1567434.81,0
1,1,11348.71,354605216,734899,723550.29,824881806,0,0,0
1,4,123179.97,1447353473,7215,0,20671747,12904.68,43691.09,0
1,1,7073.6,611289995,0,0,663466110,0,0,0
1,1,2803.83,1129433283,0,0,864138492,0,0,0
1,1,106.81,1810518740,0,0,295180183,0,0,0
1,1,6297.71,1547883191,762,0,1650113431,0,0,0
1,1,2610.01,1528769018,58697.54,56087.54,183155105,0,0,0
1,1,5320.1,1089930529,56087.54,50767.43,2001115307,0,0,0
1,1,1460.63,1429483328,1132,0,172794870,0,0,0
1,4,522264.81,1927963027,24,0,1234776885,11361,2025098.66,0
1,5,3584.21,833240229,135496,131911.79,1330106945,100614.05,24044.18,0
1,1,3704.97,1167088639,24553,20848.03,707531688,0,0,0
1,1,2773.61,191568263,14332,11558.39,1799635803,0,0,0
1,1,3896.42,751608431,11558.39,7661.97,1723290893,0,0,0
1,1,18781.84,893640573,7661.97,0,2085886997,0,0,0
1,1,6660.33,893523498,17710,11049.67,1770070706,0,0,0
1,4,26923.42,1108517064,11049.67,0,1983747920,199404.91,95508.95,0
1,4,53783.57,511354923,0,0,1899073220,75514,420946.86,0
1,4,80333.28,992743048,0,0,1749186397,321592.98,277515.05,0
1,4,211075.91,1540894701,0,0,564160838,930082.81,1254956.07,0
1,4,100677.86,203149502,0,0,1531333864,701567.56,55974.56,0
1,4,473499.51,1198197478,0,0,453211571,883248.39,3461666.05,0
1,4,1538200.39,476579021,0,0,1590550415,6977445.38,1.92E+07,0
1,4,2421578.09,106297322,0,0,1590550415,8515645.77,1.92E+07,0
1,4,1349670.68,1419332030,0,0,665576141,1538085.96,5515763.34,0
1,4,314403.14,1262110193,0,0,1789550256,888232.25,4619798.56,0
1,4,1457213.54,396918327,0,0,1590550415,1.09E+07,1.92E+07,0
1,4,180368.84,1055601039,0,0,1359044626,1437353.34,16518.36,0
1,4,445038.71,547441493,0,0,1531333864,802245.42,55974.56,0
1,4,1123206.66,967677821,0,0,451111351,1773963.18,3940085.21,0
1,5,996,1839206329,46132,45136,998351292,88106.55,1015132.48,0
1,4,176334.26,169880779,45136,0,1286084959,1251626.46,2107778.11,0
1,4,161217.61,552674617,0,0,909295153,199733,5602234.95,0
1,4,108443.61,1974622245,0,0,240650537,246974.3,0,0
1,4,75442.68,402808045,0,0,1318822808,80469,500631.71,0
1,4,55536.86,332365138,0,0,392292416,915902.37,3420103.09,0
1,4,438437.09,977160959,0,0,248609774,740675.45,6453430.91,0
1,4,928722.69,1563053805,0,0,985934102,1259119.8,971418.91,0
1,4,1478772.04,1464177809,0,0,1170794006,1652668.12,22190.99,0
1,4,2545478.01,1057507014,0,0,1590550415,1.24E+07,1.92E+07,0
1,4,2061082.82,2007599722,0,0,1590550415,1.49E+07,1.92E+07,0
1,4,983479.66,2029780820,0,0,1170794006,3131440.16,22190.99,0
1,4,635507.97,65080774,0,0,747464370,834457.23,1567434.81,0
1,4,848231.57,2116179210,0,0,1170794006,4114919.82,22190.99,0
1,4,739112.93,1172535934,0,0,564160838,1141158.73,1254956.07,0
1,4,324397.94,1648700617,0,0,932583850,373058.79,2719172.89,0
1,4,982862.81,1765900922,0,0,985934102,2187842.49,971418.91,0
1,4,955855,94830685,0,0,248609774,1179112.54,6453430.91,0
1,4,179253.24,1539947037,0,0,1870252780,179614.1,46462.23,0
1,1,5446.88,270661321,666,0,1964434661,0,0,0
1,1,648.64,1217312754,873,224.36,1585571244,0,0,0
1,1,8494.71,1099552523,11129,2634.29,66724371,0,0,0
1,3,373068.26,1047934137,20034,0,1286084959,1427960.73,2107778.11,0
1,2,143236.26,1862994526,0,143236.26,1688019098,608932.17,97263.78,0
1,2,228451.89,1614133563,143236.26,371688.15,2083562754,719678.38,1186556.81,0
1,2,35902.49,839771540,371688.15,407590.65,2001112025,49003.3,0,0
1,2,232953.64,1037163664,407590.65,640544.28,33524623,1172672.27,1517262.16,0
1,2,65912.95,180316302,640544.28,706457.23,1330106945,104198.26,24044.18,0
1,2,193492.68,1200546947,706457.23,899949.91,1531333864,1247284.13,55974.56,0
1,2,60836.64,443713699,899949.91,960786.56,488044861,143436,5203.54,0
1,2,62325.15,695530017,960786.56,1023111.71,564160838,1880271.66,1254956.07,0
1,2,349640.51,1493042329,1023111.71,1372752.22,909295153,360950.61,5602234.95,0
1,2,135324.19,1751403001,1372752.22,1508076.41,453211571,1356747.89,3461666.05,0
1,2,380015.14,1717433286,1508076.41,1888091.55,401424608,1336470.16,1178808.14,0
1,2,418688.27,1756819670,1888091.55,2306779.82,401424608,956455.03,1178808.14,0
1,2,311023.52,1078262677,2306779.82,2617803.34,766572210,1477776.96,0,0
1,2,151862.38,178604517,2617803.34,2769665.72,920011586,158858.48,0,0
1,2,228710.05,57624756,2769665.72,2998375.78,1297685781,743792.14,16997.22,0
1,2,220431.09,1543518287,2998375.78,3218806.87,451111351,2897169.84,3940085.21,0
1,2,182861.45,998242313,3218806.87,3401668.32,485041780,192776.92,0,0
1,2,231881.5,464872674,3401668.32,3633549.82,1509514333,894141.72,2415.16,0
1,2,38071.17,1659286984,3633549.82,3671620.98,601893033,122487,54985.05,0
1,2,87117.29,1064905627,3671620.98,3758738.27,75457651,501093.89,31469.78,0
1,2,114271.72,2072130509,3758738.27,3873009.99,985934102,3170705.3,971418.91,0
1,2,73199.1,1260440107,3873009.99,3946209.08,1749186397,401926.25,277515.05,0
1,2,764772.98,482307698,3946209.08,4710982.07,985934102,3056433.58,971418.91,0
1,2,106847.36,1793899405,4710982.07,4817829.42,575335780,335711.51,52415.15,0
1,2,6287.28,1765702,4817829.42,4824116.71,1651855867,11274,0,0
1,2,24936.34,1302725372,4824116.71,4849053.05,660143728,104408,42450.71,0
1,2,55837.16,713898436,4849053.05,4904890.21,100555887,66800.82,10963.66,0
1,2,63255.29,632475595,4904890.21,4968145.5,1100439041,237735.3,0,0
1,2,104605.78,1920305914,4968145.5,5072751.28,357863579,207302.14,92307.65,0
1,2,154160.82,263833514,5072751.28,5226912.1,503195940,157376,0,0
1,2,257348.03,1278839936,5226912.1,5484260.13,985934102,2291660.6,971418.91,0
1,2,201073.81,2143739483,5484260.13,5685333.94,401424608,537766.76,1178808.14,0
1,2,53560.68,565881091,5685333.94,5738894.62,1761291320,172857.68,22233.65,0
1,2,334234.39,1618984457,5738894.62,6073129.01,1870252780,358867.35,46462.23,0
1,2,227335.16,1621254922,6073129.01,6300464.17,564160838,1817946.5,1254956.07,0
1,2,134426.08,702500163,6300464.17,6434890.26,575335780,228864.16,52415.15,0
1,2,2643.45,1574509514,6434890.26,6437533.71,215145189,49974,1891.79,0
1,2,134977.11,1087072654,6437533.71,6572510.82,1750905143,471814.89,424250.45,0
1,2,25090.03,864221358,6572510.82,6597600.85,1282788025,80148.6,0,0
1,2,147388.67,1617174216,6597600.85,6744989.53,824009085,184486.01,64106.18,0
1,2,217615.09,1979080261,6744989.53,6962604.61,392292416,971439.24,3420103.09,0
1,2,355294.5,1860886124,6962604.61,7317899.11,747464370,1469965.2,1567434.81,0
1,2,12336.48,1250499735,7317899.11,7330235.59,990398217,21024,83845.22,0
1,2,349505.89,173791568,7330235.59,7679741.48,1590550415,1.70E+07,1.92E+07,0
1,2,285185.34,1293462056,7679741.48,7964926.82,1335050193,451065.09,353532.56,0
1,2,132953.45,1966670937,7964926.82,8097880.27,1359044626,1617722.17,16518.36,0
1,2,214851.41,2002174925,8097880.27,8312731.68,33524623,939718.63,1517262.16,0
1,2,54988.56,588449070,8312731.68,8367720.25,11003494,60870,1.06E+07,0
1,2,62871.06,735228558,8367720.25,8430591.3,716157500,177707.91,4894.45,0
1,2,61150.85,376725601,8430591.3,8491742.16,1360767589,1166393.13,2107965.39,0
1,2,131409.27,1476235721,8491742.16,8623151.43,1068824137,290276.03,265092.36,0
1,2,10844.33,1828508781,8623151.43,8633995.76,2083117811,42274,290772.6,0
1,1,2054.84,1376017854,22195,20140.16,1732663543,0,0,0
1,2,313373.56,1552870927,20140.16,333513.72,985934102,2034312.57,971418.91,0
1,2,13289.87,1448805967,333513.72,346803.59,1225616405,78256.1,0,0
1,2,27070.11,641882263,346803.59,373873.7,1568059495,70595,122750.49,0
1,2,127954.7,1930837320,373873.7,501828.4,564160838,1590611.34,1254956.07,0
1,2,197031.04,1489193907,501828.4,698859.44,1297685781,515082.09,16997.22,0
1,2,144366.64,1453606810,698859.44,843226.08,985934102,1720939.01,971418.91,0
1,2,7965.49,1645624121,843226.08,851191.57,195600860,35100.09,40348.79,0
1,2,123103.74,547923534,851191.57,974295.31,736709391,541942.24,46820.71,0
1,2,106634.77,1660223291,974295.31,1080930.07,1170794006,4963151.39,22190.99,0
1,2,74933.22,379124840,1080930.07,1155863.3,1023714065,1312918.22,1412484.09,0
1,2,120234.99,1157943921,1155863.3,1276098.29,977993101,194026.33,965870.05,0
1,2,5763.99,544966217,1276098.29,1281862.28,1870252780,24632.95,46462.23,0
1,2,156922.36,1706272858,1281862.28,1438784.65,665576141,2887756.64,5515763.34,0
1,2,162665.98,882471736,1438784.65,1601450.63,1096283470,362164.9,0,0
1,2,110226.34,1475192960,1601450.63,1601450.63,1816757085,1601450.63,1.07E+07,0
1,2,142577.44,727197178,1601450.63,1744028.07,1100439041,174480.01,0,0
1,2,6915.38,1406253491,1744028.07,1750943.45,85777802,49685,0,0
1,2,157108.01,749604930,1750943.45,1908051.46,985934102,1576572.37,971418.91,0
1,2,223555.14,373097727,1908051.46,2131606.6,564160838,1462656.64,1254956.07,0
1,2,146331.12,2082509879,2131606.6,2277937.72,1531333864,1053791.45,55974.56,0
1,2,141131.23,576894497,2277937.72,2419068.96,985934102,1419464.36,971418.91,0
1,2,222711.47,2123533871,2419068.96,2641780.43,1590550415,1.67E+07,1.92E+07,0
1,2,84980.31,16148478,2641780.43,2726760.74,1335050193,165879.75,353532.56,0
1,2,628719.07,2022689531,2726760.74,3355479.81,1359044626,1484768.73,16518.36,0
1,2,79285.8,1340848245,3355479.81,3434765.61,1170794006,4856516.62,22190.99,0
1,2,57809.81,635610193,3434765.61,3492575.42,1454031203,59666,0,0
1,2,75043.17,379121284,3492575.42,3567618.59,1511785794,156547,0,0
1,2,248196.92,281421502,3567618.59,3815815.51,1297685781,318051.05,16997.22,0
1,2,18851.44,50072771,3815815.51,3834666.95,215145189,47330.55,1891.79,0
1,2,403418.39,848097505,3834666.95,4238085.34,1286084959,1801028.99,2107778.11,0
1,2,235564.81,1672598778,4238085.34,4473650.15,451111351,2676738.75,3940085.21,0
1,2,32325.24,1122233828,4473650.15,4505975.39,1068824137,158866.76,265092.36,0
1,2,345347.7,538667887,4505975.39,4851323.08,240650537,355417.92,0,0
1,2,355500.25,1967496309,4851323.08,5206823.33,766572210,1166753.44,0,0
1,2,103005.78,406749219,5206823.33,5309829.12,716157500,114836.85,4894.45,0
1,2,108803.98,1173340685,5309829.12,5418633.09,766572210,811253.19,0,0
1,2,259753.27,1045731788,5418633.09,5678386.36,1209271652,260112.48,0,0
1,2,234094.24,1739267143,5678386.36,5912480.6,985934102,1278333.12,971418.91,0
1,2,273305.73,192456457,5912480.6,6185786.33,1023714065,1237985,1412484.09,0
1,2,186838.95,817689537,6185786.33,6372625.28,736709391,418838.5,46820.71,0
1,2,193161.04,708613859,6372625.28,6565786.32,451111351,2441173.94,3940085.21,0
1,2,152823.85,365625031,6565786.32,6718610.17,1789550256,1202635.39,4619798.56,0
1,2,91457.82,1531200408,6718610.17,6810067.99,1509514333,662260.23,2415.16,0
1,2,277807.48,212963786,6810067.99,7087875.47,1531333864,907460.33,55974.56,0
1,2,8679.13,1123321137,7087875.47,7096554.61,575335780,94438.08,52415.15,0
1,2,2099.59,685934,7096554.61,7098654.2,1854778591,40471.79,0,0
1,2,221693.08,2032909428,7098654.2,7320347.28,1531333864,629652.85,55974.56,0
1,2,206097.65,2031377754,7320347.28,7526444.93,564160838,1239101.5,1254956.07,0
1,2,22384.21,523211332,7526444.93,7548829.13,459857341,42211,387263.02,0
1,2,73210.99,1280124872,7548829.13,7622040.12,1435804085,79582.64,96.88,0
1,2,236747.6,1747053097,7622040.12,7858787.73,757108857,390963.21,0,0
1,2,6284.18,864326906,7858787.73,7865071.9,1749186397,328727.16,277515.05,0
1,2,100198.77,1348115836,7865071.9,7965270.68,1750905143,336837.78,424250.45,0
1,2,160347.32,1972143064,7965270.68,8125617.99,33524623,724867.22,1517262.16,0
1,2,289272.75,312168418,8125617.99,8414890.75,75457651,413976.6,31469.78,0
1,2,63189.26,95369743,8414890.75,8478080,1860513229,101925,0,0
1,2,196725.32,26928827,8478080,8674805.32,451111351,2248012.9,3940085.21,0
1,1,5882.32,278476563,10252,4369.68,1479909053,0,0,0
1,5,625.92,615954678,30165,29539.08,811587677,1042,0,0
1,1,5937.72,1926180325,21779,15841.28,733461760,0,0,0
1,1,9796.29,1594039997,274658,264861.71,1323531427,0,0,0
1,1,13449.95,1170788511,11080,0,1400973979,0,0,0
1,1,4749.6,347091104,8038,3288.4,1105416433,0,0,0
1,1,6460.86,1110195322,31009,24548.14,404947798,0,0,0
1,1,3605.26,226690498,10120,6514.74,1455204443,0,0,0
1,1,624.61,1976602906,52594,51969.39,1978209605,0,0,0
1,1,3854.92,1624351535,9241,5386.08,1394356510,0,0,0
1,4,420532.33,582300198,5386.08,0,1971489295,614566.02,0,0
1,1,4402.86,533415944,4469,66.14,1919834117,0,0,0
1,3,147804.02,1086849943,66.14,0,1182461167,158919,23508.22,0
1,1,151.2,1265053098,1904,1752.8,246003654,0,0,0
1,1,58.21,235370598,14506,14447.79,248710794,0,0,0
1,1,5936.82,2083217543,741,0,1073741635,0,0,0
1,3,145944.67,177104018,24376,0,1123629720,222,46393.85,0
1,4,7206.33,478139423,24932,17725.67,1032986144,21308,18161.79,0
1,5,5581.55,997695567,530,0,1282788025,55058.57,0,0
1,5,5853.21,2066892165,5039,0,662736689,20018,4891090.56,0
1,1,2528.1,48305285,5037,2508.9,1625090026,0,0,0
1,1,5655.17,1714378342,9522,3866.83,265824587,0,0,0
1,1,1456.09,93798665,101018,99561.91,41092582,0,0,0
1,1,4252.82,519303080,5545,1292.18,1345265484,0,0,0
1,4,276460.62,1871680329,595,0,1360767589,1105242.28,2107965.39,0
1,1,8811.67,1976166251,30848,22036.33,1950800085,0,0,0
1,1,12666.68,1547398254,891,0,1337829755,0,0,0
1,3,95636.49,1979055448,0,0,1740000325,359141.7,1363368.51,0
1,3,195314.34,934740803,0,0,2083562754,491226.48,1186556.81,0
1,1,6049.09,812143047,1,0,314364096,0,0,0
1,1,14306.8,1215951090,0,0,1205559205,0,0,0
1,1,1117.34,894421232,35611,34493.66,1098986569,0,0,0
1,5,3179.7,1182311147,124703.85,121524.14,1540270363,20767,0,0
1,1,2880.68,1531182070,121524.14,118643.46,276869158,0,0,0
1,1,3060.54,1491860739,118643.46,115582.92,1527214863,0,0,0
1,1,879.42,534753234,115582.92,114703.5,172699023,0,0,0
1,1,3486.78,231725600,114703.5,111216.72,1831882653,0,0,0
1,1,21530.96,259251414,111216.72,89685.77,1552400354,0,0,0
1,1,2426.31,803893384,89685.77,87259.46,1078566479,0,0,0
1,1,5110.1,1372422140,87259.46,82149.35,819245704,0,0,0
1,1,207.75,1288108586,82149.35,81941.6,1089584667,0,0,0
1,1,18437.04,2054757222,81941.6,63504.55,1865201235,0,0,0
1,1,8690.69,348132918,63504.55,54813.86,1493988307,0,0,0
1,1,4946.03,1805443519,54813.86,49867.83,1636322481,0,0,0
1,1,5432.09,1978504976,49867.83,44435.75,1338368149,0,0,0
1,1,7649.41,1129869771,44435.75,36786.34,1620459733,0,0,0
1,1,3943.17,2044337856,36786.34,32843.16,435914790,0,0,0
1,1,3101.33,422409467,32843.16,29741.84,1273958371,0,0,0
1,4,51719.13,1659515968,882,0,1629911510,59670,15375.37,0
1,1,13465.91,664091267,0,0,1433208870,0,0,0
1,1,19561.05,1724814719,0,0,1437988306,0,0,0
1,1,9762.28,1543146693,129,0,1718322084,0,0,0
1,1,9778.81,1956415355,18824,9045.19,251520863,0,0,0
1,3,562903.81,24039137,9045.19,0,33524623,564519.9,1517262.16,0
1,1,5055.94,992086987,30295,25239.06,731243659,0,0,0
1,1,2858.89,1244867001,21820,18961.11,1037955032,0,0,0
1,1,8531.42,369805307,18961.11,10429.69,314562573,0,0,0
1,1,84.22,1100109058,25828,25743.78,333693383,0,0,0
1,3,227478.01,1394010463,25743.78,0,1590550415,1.64E+07,1.92E+07,0
1,1,5033.02,1057307776,23946.7,18913.68,1819038759,0,0,0
1,4,100588.8,1636588948,18913.68,0,2050019814,105223,0,0
1,1,9374.72,95685867,21064,11689.28,331596257,0,0,0
1,1,598.24,494953170,102631,102032.76,509864971,0,0,0
1,1,4531.55,999647352,20125,15593.45,911501858,0,0,0
1,1,2998.2,677120200,15593.45,12595.25,694069884,0,0,0
1,1,9269.99,957923719,12595.25,3325.26,747158012,0,0,0
1,1,1209.64,1692073709,3325.26,2115.61,948675904,0,0,0
1,1,1298.7,1197498159,2115.61,816.91,785271142,0,0,0
1,1,7797,500230084,816.91,0,2023026843,0,0,0
1,1,5831.03,1028145537,0,0,1628551735,0,0,0
1,1,7067.9,2078641942,0,0,606775513,0,0,0
1,1,14895.51,1527882132,0,0,935160003,0,0,0
1,1,3316.21,1626852381,0,0,300604602,0,0,0
1,1,22276,1193398802,0,0,453398853,0,0,0
1,1,16505.51,1171255580,0,0,34073107,0,0,0
1,1,636.95,1275009283,0,0,1658512704,0,0,0
1,1,2056.59,1478995734,0,0,1699578227,0,0,0
1,1,704.74,1456061400,0,0,1661777060,0,0,0
1,1,3222.32,104261836,0,0,259630944,0,0,0
1,1,11889.61,351656492,0,0,316335490,0,0,0
1,1,9491.89,597364637,0,0,1637613097,0,0,0
1,1,6131.21,1527086220,0,0,515273883,0,0,0
1,1,11938.61,1697281847,0,0,1535026957,0,0,0
1,1,4233.45,737104370,0,0,105966264,0,0,0
1,1,32643.79,821405322,0,0,505231702,0,0,0
1,1,622.15,1328323494,14112.8,13490.65,1311292881,0,0,0
1,1,4573.12,1408533352,13490.65,8917.54,617928649,0,0,0
1,1,6057.8,252615006,6996.1,938.3,79919963,0,0,0
1,1,5770.32,1943750504,938.3,0,1907604549,0,0,0
1,1,9152.97,176955204,0,0,353023213,0,0,0
1,5,12154.7,1011044643,39699,27544.3,451111351,2051287.58,3940085.21,0
1,1,8378.01,1358857082,80899.44,72521.43,979550238,0,0,0
1,1,9616.45,2056234595,72521.43,62904.98,1558395480,0,0,0
1,1,2231.28,2023917549,12998,10766.72,1416415959,0,0,0
1,1,4932.54,1398260359,136555,131622.46,371397455,0,0,0
1,2,65413.89,2052223881,131622.46,197036.35,614685048,144605,0,0
1,2,98560.08,1213871206,197036.35,295596.43,434091818,167719.89,63112.23,0
1,2,15054.61,628392976,295596.43,310651.04,832279283,33340,185389.8,0
1,2,161632.16,725832346,310651.04,472283.2,985934102,1044238.89,971418.91,0
1,2,47529.19,1113895488,472283.2,519812.39,1359044626,856049.65,16518.36,0
1,2,9577.45,1527007086,519812.39,529389.85,838411509,32204,22774.25,0
1,2,414238.59,1523649562,529389.85,943628.44,1359044626,808520.46,16518.36,0
1,2,89327.65,1807176280,943628.44,1032956.09,451111351,2063442.28,3940085.21,0
1,2,194900.16,203819996,1032956.09,1227856.25,1262822392,8633995.76,1.25E+07,0
1,2,24470.43,1977618945,1227856.25,1252326.68,1360767589,1381702.9,2107965.39,0
1,2,217668.38,662925691,1252326.68,1469995.06,476800120,347373.26,49864.36,0
1,2,9067.51,1995952705,1469995.06,1479062.57,1182461167,306723.02,23508.22,0
1,2,336827.91,1244880808,1479062.57,1815890.48,476402209,401493.73,51513.44,0
1,2,45317.95,1060519157,1815890.48,1861208.43,2096057945,99578.86,0,0
1,2,230021.01,58890945,1861208.43,2091229.45,1170794006,4777230.82,22190.99,0
1,2,154578.28,1269773610,2091229.45,2245807.73,564160838,1033003.86,1254956.07,0
1,2,314134.01,464649704,2245807.73,2559941.74,1509514333,570802.41,2415.16,0
1,2,206405.92,367967231,2559941.74,2766347.65,453211571,1221423.7,3461666.05,0
1,2,158995.29,36531985,2766347.65,2925342.94,1816757085,8674805.32,1.07E+07,0
1,2,188238.54,815336475,2925342.94,3113581.47,766572210,702449.21,0,0
1,2,21255.8,609483101,3113581.47,3134837.27,1381128261,52109,0,0
1,2,205955.77,1149407083,3134837.27,3340793.04,1688019098,465695.91,97263.78,0
1,2,178370.36,767436045,3340793.04,3519163.4,1590550415,1.67E+07,1.92E+07,0
1,2,42547.96,1430199669,3519163.4,3561711.36,673068808,59693,9672.67,0
1,2,15152.15,1847431070,3561711.36,3576863.51,1262822392,8439095.6,1.25E+07,0
1,2,39249.67,1043639521,3576863.51,3616113.18,1225616405,64966.23,0,0
1,2,101669.17,1660837991,3616113.18,3717782.35,1234776885,533625.81,2025098.66,0
1,2,81694.11,1325866488,3717782.35,3799476.47,2083562754,686540.82,1186556.81,0
1,2,10266.7,1306794745,3799476.47,3809743.17,1256728724,104323,69756.86,0
1,2,35502.25,1454171136,3809743.17,3845245.42,1832580921,41159,0,0
1,2,183250,1195396074,3845245.42,4028495.42,736709391,231999.55,46820.71,0
1,2,219220.21,811562535,4028495.42,4247715.63,451111351,1974114.63,3940085.21,0
1,2,254895.5,1560379655,4247715.63,4502611.13,1509514333,256668.41,2415.16,0
1,2,143148.97,1824322115,4502611.13,4645760.1,1170794006,4547209.8,22190.99,0
1,2,132457.52,702999333,4645760.1,4778217.62,1262822392,8423943.45,1.25E+07,0
1,2,148834.28,1648582256,4778217.62,4927051.9,766572210,514210.68,0,0
1,2,106727.81,865858182,4927051.9,5033779.71,665576141,2730834.27,5515763.34,0
1,2,223123.71,951988316,5033779.71,5256903.42,1359044626,394281.87,16518.36,0
1,2,194311.34,647973805,5256903.42,5451214.77,33524623,1127423.71,1517262.16,0
1,2,338964.91,1591161296,5451214.77,5790179.68,766572210,365376.39,0,0
1,2,247575.4,842331982,5790179.68,6037755.07,1262822392,8291485.93,1.25E+07,0
1,2,29467.02,2076249476,6037755.07,6067222.09,1749186397,322442.98,277515.05,0
1,2,90340.16,660595570,6067222.09,6157562.25,1590550415,1.65E+07,1.92E+07,0
1,2,198847.32,1088491512,6157562.25,6356409.58,1023714065,964679.26,1412484.09,0
1,2,155075.41,1434066477,6356409.58,6511484.99,1971489295,1035098.36,0,0
1,2,76932.89,648315947,6511484.99,6588417.88,1023714065,765831.94,1412484.09,0
1,2,92971.79,2117642238,6588417.88,6681389.66,796533847,111367.94,0,0
1,2,7322.98,913242382,6681389.66,6688712.64,146305349,64966,57643.02,0
1,2,222126.95,870322840,6688712.64,6910839.59,1286084959,1397610.6,2107778.11,0
1,2,62983.91,837246227,6910839.59,6973823.5,1740000325,454778.18,1363368.51,0
1,2,1271.77,173738886,6973823.5,6975095.27,932583850,697456.73,2719172.89,0
1,2,246816.65,1262237002,6975095.27,7221911.92,33524623,933112.37,1517262.16,0
1,2,21898.97,2029754983,7221911.92,7243810.89,747464370,1114670.7,1567434.81,0
1,2,30811.56,1946111918,7243810.89,7274622.45,22805895,152178,651524.92,0
1,2,100275.09,564817260,7274622.45,7374897.54,564160838,878425.58,1254956.07,0
1,2,46630.53,194415222,7374897.54,7421528.07,2083562754,604846.71,1186556.81,0
1,2,158775.58,798622145,7421528.07,7580303.64,1023714065,688899.05,1412484.09,0
1,2,90556.08,638695843,7580303.64,7670859.72,288665596,186372.86,8496.61,0
1,2,173948.89,1411543296,7670859.72,7844808.61,1740000325,391794.27,1363368.51,0
1,2,66216.71,1800967368,7844808.61,7911025.32,97730845,117785.88,9940339.29,0
1,2,216133.99,338887787,7911025.32,8127159.31,747464370,1092771.73,1567434.81,0
1,2,371883.82,1061448687,8127159.31,8499043.13,1971489295,880022.94,0,0
1,2,770537.37,2015999862,8499043.13,8499043.13,1883840933,8499043.13,1.69E+07,0
1,2,71275.47,1467515503,8499043.13,8570318.6,20671747,136084.66,43691.09,0
1,2,336298.77,1533330615,8570318.6,8906617.38,1789550256,1049811.54,4619798.56,0
1,2,317393.38,1197721383,8906617.38,9224010.75,1286084959,1175483.65,2107778.11,0
1,2,181002.01,1917082298,9224010.75,9405012.76,1749186397,292975.96,277515.05,0
1,2,311449.38,1639765351,9405012.76,9716462.14,1789550256,713512.77,4619798.56,0
1,2,270824.42,478209179,9716462.14,9987286.56,1816757085,8515810.04,1.07E+07,0
1,1,1449.03,1166230227,80983,79533.97,365056339,0,0,0
1,1,3551.48,307411297,1015017.79,1011466.31,166536076,0,0,0
1,3,227768.63,1445424568,1011466.31,783697.68,1023714065,530123.48,1412484.09,0
1,3,172986.7,1374217958,783697.68,610710.98,33524623,686295.71,1517262.16,0
1,1,4940.2,1459016715,48005,43064.8,912747546,0,0,0
1,1,2755.96,1530957251,20987,18231.04,1292472219,0,0,0
1,5,8807.01,767511741,139428,130620.99,20671747,64809.18,43691.09,0
1,5,3111.86,548795052,64665.82,61553.96,240650537,10070.22,0,0
1,1,10040.52,2143571436,61553.96,51513.44,2117099736,0,0,0
1,5,5363,691863815,21260,15897,1321640594,24765.26,18910.85,0
1,1,11990.19,647149086,885,0,2070160397,0,0,0
1,1,266.88,103787801,4182,3915.12,1205580258,0,0,0
1,1,1928.55,1959451969,5096,3167.45,777313177,0,0,0
1,1,10648.06,1441328175,37419,26770.94,1327895505,0,0,0
1,1,962.43,1831141281,26770.94,25808.5,1705277839,0,0,0
1,1,8348.1,2000648320,16583,8234.9,142099757,0,0,0
1,1,6969.67,1114335860,61091,54121.33,80026551,0,0,0
1,4,20128,137533655,20128,0,1848415041,0,0,1
1,3,20128,1118430673,20128,0,339924917,6268,12145.85,1
1,1,154.87,1527254842,9339,9184.13,2000469839,0,0,0
1,5,4040.84,1800693087,1938,0,1825027294,51339,36757.68,0
1,1,6490.17,1717473929,548504,542013.83,2100572327,0,0,0
1,1,1101.09,1868578441,30858,29756.91,659996839,0,0,0
1,5,4347.78,890160158,20766,16418.22,1531333864,407959.76,55974.56,0
1,3,213922.13,1768127248,16418.22,0,1234776885,431956.63,2025098.66,0
1,3,83859.59,119112899,0,0,1590550415,1.64E+07,1.92E+07,0
1,3,33269.25,375074687,0,0,1629911510,111389.13,15375.37,0
1,3,51749.94,1429616542,0,0,297927961,62470,132842.64,0
1,3,86410.3,662666707,0,0,1023714065,757892.11,1412484.09,0
1,3,10856.63,1821100643,0,0,1740000325,217845.38,1363368.51,0
1,3,161613.93,593768538,0,0,1789550256,402063.39,4619798.56,0
1,3,244361.81,1191864687,0,0,33524623,859282.41,1517262.16,0
1,3,596617.87,466032056,0,0,1234776885,645878.76,2025098.66,0
1,3,108600.78,690822257,0,0,1810132623,146488.24,97128.19,0
1,3,377520.94,726212590,0,0,1789550256,563677.32,4619798.56,0
1,3,60758.42,1058822905,0,0,1318822808,155911.68,500631.71,0
1,3,86204.31,475394679,0,0,1789550256,941198.26,4619798.56,0
1,3,1234,1574615832,0,0,1983025922,29906,7550.03,0
1,3,18288.91,1049590050,0,0,1286084959,858090.28,2107778.11,0
1,3,248979.22,1662592920,0,0,33524623,1103644.22,1517262.16,0
1,3,126774.5,1357686726,0,0,1234776885,1242496.63,2025098.66,0
1,3,38428.19,1491522744,0,0,1568059495,43524.89,122750.49,0
1,3,109732.52,501608687,0,0,1816757085,8244985.62,1.07E+07,0
1,3,17851.54,929706284,0,0,824208363,32353,0,0
1,3,5223.97,42820240,0,0,1122805102,10429.69,23568.91,0
1,3,63807.17,1822434669,0,0,2083562754,558216.18,1186556.81,0
1,3,406297.68,1592840862,0,0,985934102,882606.73,971418.91,0
1,1,4779.93,955611965,121,0,1367672657,0,0,0
1,4,16631.14,1021565761,0,0,998351292,89102.55,1015132.48,0
1,1,2771.16,1692375649,60721,57949.84,2002790740,0,0,0
1,1,3154.06,237373286,24239,21084.94,742255664,0,0,0
1,1,7813.63,883521348,21084.94,13271.31,1115013644,0,0,0
1,1,360.13,2086068243,38939,38578.87,1070194629,0,0,0
1,3,431381.17,1076202543,40481,0,306206744,55566,3554299.27,0
1,4,43670.84,749486981,0,0,885951223,79331.08,215851.28,0
1,1,7342.63,1731295355,19443,12100.37,385332399,0,0,0
1,1,7417.09,2061440682,843,0,883020319,0,0,0
1,1,8865.26,1488946768,84415.83,75550.57,1942356772,0,0,0
1,3,213490.87,1907241392,75550.57,0,1971489295,508139.13,0,0
1,1,7444.4,1269118128,31902.57,24458.17,1863100050,0,0,0
1,3,287265.38,739264372,24458.17,0,306206744,486947.17,3554299.27,0
1,3,416001.33,749981943,0,0,667346055,102,9291619.62,1
1,1,6432.26,1313960293,0,0,1155757579,0,0,0
1,1,8690.86,1785111044,29772,21081.14,1482748887,0,0,0
1,1,3791.28,494894055,32463,28671.72,1123226989,0,0,0
1,1,4111.34,500885941,128052,123940.66,1115381650,0,0,0
1,1,7163.9,616412281,114219.94,107056.04,2118096382,0,0,0
1,1,6557.51,878861517,107056.04,100498.52,746394140,0,0,0
1,1,17348.25,1705665942,100498.52,83150.27,1731763384,0,0,0
1,1,1586.28,1100619942,83150.27,81564,87242619,0,0,0
1,1,6811.97,864248990,81564,74752.02,285074186,0,0,0
1,1,36651.07,15892131,74752.02,38100.95,484841769,0,0,0
1,1,4804.68,879311295,38100.95,33296.27,1274247563,0,0,0
1,1,19375.5,1483145520,33296.27,13920.76,1961129028,0,0,0
1,1,13833.75,163385254,13920.76,87.01,1506938939,0,0,0
1,1,21008.52,970781872,87.01,0,1850597787,0,0,0
1,1,22043.92,258737099,0,0,1190566357,0,0,0
1,1,32635.14,407997647,0,0,428996455,0,0,0
1,1,11438.39,1988939205,0,0,80141040,0,0,0
1,1,13527.16,275056979,0,0,106557175,0,0,0
1,1,11881.78,371976476,0,0,612937843,0,0,0
1,1,9805.46,480184864,0,0,1433956626,0,0,0
1,1,9470.85,483525032,0,0,2109219177,0,0,0
1,1,20560.86,429058804,0,0,259319861,0,0,0
1,1,13679.84,52913970,0,0,1059634518,0,0,0
1,1,15448,836969741,0,0,436094532,0,0,0
1,1,1987.4,567852222,0,0,1541433310,0,0,0
1,1,4145.04,1938025186,97168,93022.96,405036720,0,0,0
1,1,3511.45,2088582214,11310,7798.55,620456576,0,0,0
1,1,1118.1,1220759559,9041,7922.9,1923634801,0,0,0
1,1,15.06,1730337646,204682,204666.94,418513504,0,0,0
1,2,352568.35,1256405521,9945,362513.35,665576141,2624106.46,5515763.34,0
1,1,3043.27,2051598050,36369,33325.73,188791662,0,0,0
1,1,9758.09,61426020,21217,11458.91,1347016882,0,0,0
1,1,5924.89,1829460911,1518,0,1662912171,0,0,0
1,1,9550.43,708153797,4021,0,883380345,0,0,0
1,1,4355.66,54960993,120,0,276748028,0,0,0
1,5,6973.12,373544591,50015,43041.88,1568059495,81953.08,122750.49,0
1,1,2358.63,409565350,70824,68465.37,771923297,0,0,0
1,5,374.36,1210939243,15237,14862.64,1335050193,62904.98,353532.56,0
1,1,8946.63,1079125839,95066,86119.37,321772459,0,0,0
1,1,20573.4,696165690,24641,4067.6,181078353,0,0,0
1,1,8358.12,1542598424,293,0,645875534,0,0,0
1,1,1006.76,2054451662,696008,695001.24,673672784,0,0,0
1,1,10498.05,1659309731,16730,6231.95,1056862342,0,0,0
1,4,463722.76,1734184086,349,0,832279283,18285.39,185389.8,0
1,4,138857.19,1947941827,109473,0,1789550256,1027402.57,4619798.56,0
1,1,5184.9,785625589,283509,278324.1,1667534569,0,0,0
1,1,3626.96,1758893871,23506,19879.04,1170111701,0,0,0
1,1,282.42,1985028494,30603,30320.58,830863979,0,0,0
1,5,8703.54,1832283291,137782,129078.46,1335050193,63279.34,353532.56,0
1,1,3673.1,1532554556,30507,26833.9,620423816,0,0,0
1,1,9800.58,976358110,12617.16,2816.58,1690233783,0,0,0
1,3,88987.11,2014563089,2816.58,0,932583850,696184.96,2719172.89,0
1,1,4227.19,198098993,36054,31826.81,553672556,0,0,0
1,1,2881.51,854653864,90250,87368.49,1415439780,0,0,0
1,1,4376.46,703555670,9809,5432.54,179808568,0,0,0
1,1,11656.12,1068445309,10181,0,73698537,0,0,0
1,4,345698.98,1453062635,40419,0,997608398,20489.94,157982.12,0
1,1,3292.21,1632789609,20484,17191.79,659059448,0,0,0
1,1,7367.06,124494140,14528,7160.94,246826139,0,0,0
1,1,2937.34,2083854344,19703,16765.66,403598020,0,0,0
1,5,1150.14,1119242936,21634,20483.86,1122805102,15653.66,23568.91,0
1,1,3563.36,2123914473,185397,181833.64,708443754,0,0,0
1,1,2380.46,1091234211,101428,99047.54,832145584,0,0,0
1,1,2266.02,224060798,64757.92,62491.91,1752535057,0,0,0
1,4,32132.45,2116299597,62491.91,30359.46,1466073198,59605,0,0
1,4,51627.39,50720817,30359.46,0,1526298704,81243,32092.07,0
1,4,62073.54,1496220730,0,0,1740000325,228702.01,1363368.51,0
1,4,13614.91,488600086,0,0,380242442,30195,0,0
1,4,2290.73,1111379131,0,0,660143728,79471.66,42450.71,0
1,4,637161,1846982837,0,0,1789550256,1166259.76,4619798.56,0
1,4,639378.37,1135935001,0,0,392292416,753824.15,3420103.09,0
1,4,34390.85,635288507,0,0,1291286504,90214.97,66575.5,0
1,4,1867849.02,355885103,0,0,665576141,2271538.11,5515763.34,0
1,4,1193410.46,1321115948,0,0,1590550415,1.65E+07,1.92E+07,0
1,4,348186.2,706665172,0,0,306206744,774212.55,3554299.27,0
1,4,1440296.14,1649847375,0,0,1590550415,1.77E+07,1.92E+07,0
1,4,799483.57,1153933106,0,0,306206744,1122398.75,3554299.27,0
1,4,969631.31,2144067911,0,0,248609774,2134967.54,6453430.91,0
1,4,483544.3,593447952,0,0,1286084959,876379.19,2107778.11,0
1,4,326349.91,1950136544,0,0,564160838,778150.49,1254956.07,0
1,5,7546.88,209360730,51368,43821.12,1259769769,11353,252055.24,0
1,1,2469.75,740007499,43821.12,41351.37,1971152916,0,0,0
1,5,1741.24,1687627235,80942,79200.76,997608398,366188.92,157982.12,0
1,1,553.25,1007660652,7522,6968.75,1276544608,0,0,0
1,1,6606.31,1387620926,6968.75,362.44,265348534,0,0,0
1,1,2075.94,1324173038,110403,108327.06,917568725,0,0,0
1,4,84212.94,1336775847,53199,0,13329486,0,84212.94,0
1,3,312108.51,1196963249,0,0,1262822392,8043910.53,1.25E+07,0
1,1,1647.93,1663488386,70889,69241.07,1380044647,0,0,0
1,1,3533.32,1902801188,38211,34677.68,1998137093,0,0,0
1,1,7659.86,577127077,544,0,2122357625,0,0,0
1,1,7203.07,1556162268,290775.55,283572.48,1650332494,0,0,0
1,3,116206.75,1924990666,283572.48,167365.73,1318822808,216670.1,500631.71,0
1,3,30331.38,144445623,167365.73,137034.36,998351292,105733.69,1015132.48,0
1,1,2063.77,1572745406,16064,14000.23,1340644388,0,0,0
1,1,3035.35,1434015813,26657,23621.65,1023996917,0,0,0
1,3,123797.1,295640874,23621.65,0,557041912,153674.01,557537.26,0
1,5,8233.25,438151297,7024,0,846947180,14673,12901.08,0
1,1,2271.34,96039159,31346,29074.66,2144644334,0,0,0
1,1,3801.74,375097969,73616.2,69814.46,1635082651,0,0,0
1,1,1530.83,788892554,69814.46,68283.63,1970073944,0,0,0
1,1,4833.96,1060042118,41005,36171.04,1964847681,0,0,0
1,1,5842.61,1992801971,40,0,1681094402,0,0,0
1,1,2871.89,754527431,653,0,820677667,0,0,0
1,5,5297.36,2064883371,82134,76836.64,655381473,31443.78,189534.74,0
1,4,621561.65,82275756,123122,0,1782113663,0,3997768.55,0
1,1,829.07,1629353699,11199,10369.93,99808631,0,0,0
1,1,3418.07,1651754404,260,0,1564892747,0,0,0
1,3,41924.75,1407324654,0,0,1526298704,132870.39,32092.07,0
1,3,173597.57,1101598632,0,0,248609774,3104598.86,6453430.91,0
1,3,77642.84,1032568028,0,0,667346055,416103.33,9291619.62,0
1,3,144964.23,1380976928,0,0,932583850,785172.07,2719172.89,0
1,3,94038.9,293474277,0,0,998351292,136065.07,1015132.48,0
1,3,26051.33,413373997,0,0,215145189,28479.11,1891.79,0
1,3,134143.27,2024711353,0,0,451111351,1754894.42,3940085.21,0
1,3,497424.19,711310213,0,0,932583850,930136.3,2719172.89,0
1,3,607616.73,1267042315,0,0,1286084959,1359923.49,2107778.11,0
1,3,681093.57,1335061928,0,0,1023714065,844302.4,1412484.09,0
1,3,114057.61,1108706191,0,0,932583850,1427560.49,2719172.89,0
1,3,205279.62,1160487387,0,0,932583850,1541618.1,2719172.89,0
1,3,173512.93,579447973,0,0,1816757085,8354718.14,1.07E+07,0
1,3,166817.98,1990421361,0,0,1971489295,721630,0,0
1,3,113283.13,407148497,0,0,885951223,123001.91,215851.28,0
1,3,179030.05,16373883,0,0,1360767589,1357232.47,2107965.39,0
1,3,94332,1878700101,0,0,1782113663,621561.65,3997768.55,0
1,3,141111.15,40875560,0,0,2083562754,622023.34,1186556.81,0
1,3,45756.23,1042891691,0,0,392292416,1393202.52,3420103.09,0
1,3,6039.61,1893563925,0,0,1653844940,31164,37203.61,0
1,3,46261.02,1251967187,0,0,575335780,85758.95,52415.15,0
1,3,312471.16,901689694,0,0,1789550256,1803420.75,4619798.56,0
1,3,195490.04,1107204185,0,0,564160838,1104500.4,1254956.07,0
1,3,107308.84,1523084197,0,0,1291286504,124605.82,66575.5,0
1,3,48252.82,1818747191,0,0,451111351,1889037.69,3940085.21,0
1,3,25674.03,747870628,0,0,597190999,30563,6830.83,0
1,3,63830.49,421191743,0,0,1531333864,412307.54,55974.56,0
1,3,96178.8,9844218,0,0,1749186397,111973.96,277515.05,0
1,3,155122.86,1403716230,0,0,997608398,367930.17,157982.12,0
1,3,171757.76,1673916398,0,0,2050019814,205811.8,0,0
1,3,8809.04,756080817,0,0,1740000325,137034.36,1363368.51,0
1,3,27320.2,479734028,0,0,614685048,79191.11,0,0
1,3,517915.91,388802347,0,0,1170794006,4404060.84,22190.99,0
1,3,34629.16,1541046463,0,0,1860513229,38735.74,0,0
1,3,94296.25,1910896157,0,0,401424608,336692.95,1178808.14,0
1,3,285360.06,753426788,0,0,1782113663,715893.66,3997768.55,0
1,3,161445.91,1586470445,0,0,557041912,277471.11,557537.26,0
1,3,386683.04,1373577787,0,0,33524623,1352623.44,1517262.16,0
1,3,169854.57,265577219,0,0,1816757085,8528231.07,1.07E+07,0
1,3,126167.7,1624817884,0,0,248609774,3278196.43,6453430.91,0
1,3,152757.58,1107579932,0,0,1262822392,8356019.04,1.25E+07,0
1,3,49661.18,1784834205,0,0,451111351,1937290.51,3940085.21,0
1,3,73513.5,1174586025,0,0,1750905143,236639,424250.45,0
1,3,166335.32,1627010197,0,0,33524623,1739306.48,1517262.16,0
1,3,234268.82,4073506,0,0,1750905143,310152.51,424250.45,0
1,3,306280.12,2044825144,0,0,1360767589,1536262.52,2107965.39,0
1,3,194620.68,698747943,0,0,453211571,610710.98,3461666.05,0
1,3,128278.74,407493402,0,0,1262822392,8508776.62,1.25E+07,0
1,3,256773.54,1774690057,0,0,1971489295,888447.97,0,0
1,3,105759.12,480402503,0,0,1318822808,332876.84,500631.71,0
1,3,59390.46,100445376,0,0,977993101,73791.34,965870.05,0
1,3,131991.26,1396385390,0,0,1971489295,1145221.51,0,0
1,3,65025.3,114414807,0,0,977993101,133181.81,965870.05,0
1,3,82054.36,144699438,0,0,1526298704,174795.14,32092.07,0
1,3,69708.79,1751500625,0,0,1335050193,71982.88,353532.56,0
1,3,9104.26,1650955365,0,0,990355670,10623,19727.26,0
1,3,92553.64,1788380050,0,0,1182461167,297655.51,23508.22,0
1,3,66312.08,493944943,0,0,1750905143,544421.33,424250.45,0
1,3,142282.63,1533547487,0,0,453211571,805331.66,3461666.05,0
1,3,114499.14,99770475,0,0,1899073220,129297.57,420946.86,0
1,3,76635.24,727250772,0,0,357863579,102696.35,92307.65,0
1,3,132574,1052768296,0,0,977993101,198207.11,965870.05,0
1,3,39485.21,626193099,0,0,1883840933,9987286.56,1.69E+07,0
1,3,236825.42,859123506,0,0,1899073220,243796.7,420946.86,0
1,3,327066.19,1597742167,0,0,453211571,947614.29,3461666.05,0
1,3,156819.6,503595296,0,0,1318822808,438635.96,500631.71,0
1,3,13136.44,754072705,0,0,1023714065,1525395.97,1412484.09,0
1,1,4306.89,908384914,256849.49,252542.6,905847077,0,0,0
1,1,8309.52,156199931,252542.6,244233.08,878991463,0,0,0
1,1,5363.35,612693043,81503.83,76140.48,1622613647,0,0,0
1,1,132.42,307605969,76140.48,76008.06,73688220,0,0,0
1,1,19644.08,130166095,76008.06,56363.98,1599674462,0,0,0
1,1,895.24,1623060829,56363.98,55468.74,1205483858,0,0,0
1,1,7641.08,1373949107,55468.74,47827.66,1189651769,0,0,0
1,1,31188.22,1230013344,47827.66,16639.44,1607869297,0,0,0
1,1,13954.75,681639276,16639.44,2684.69,727860268,0,0,0
1,1,10497.33,1717739363,2684.69,0,138536309,0,0,0
1,1,5843.75,665137804,0,0,509559152,0,0,0
1,1,7260.2,1815370847,0,0,1801021153,0,0,0
1,1,10285.86,1709578324,0,0,22446425,0,0,0
1,1,6249.78,1338958728,0,0,1870723838,0,0,0
1,1,848.74,988904418,0,0,261650860,0,0,0
1,1,6993.7,938613108,0,0,1598898814,0,0,0
1,1,795.29,1850874910,10360,9564.71,575360353,0,0,0
1,1,9191.46,97901029,0,0,809383315,0,0,0
1,3,132038.41,1324514662,0,0,998351292,230103.96,1015132.48,0
1,1,6495.27,908722588,22040,15544.73,496757837,0,0,0
1,1,1679.68,1548271808,15544.73,13865.06,17600354,0,0,0
1,4,47477.97,1733056574,6066,0,1629911510,144658.38,15375.37,0
1,5,1260.62,636959006,1483,222.38,1686100174,10086,9837.06,0
1,1,15034.23,1059300256,40458,25423.77,1521568953,0,0,0
1,1,3238.39,1605988985,28773,25534.61,1134202713,0,0,0
1,3,251241.14,1636178473,25534.61,0,997608398,523053.03,157982.12,0
1,1,3644.12,822232612,1230,0,633131207,0,0,0
1,3,283123.48,852190062,497409,214285.52,1831477404,16872,247063.16,0
1,1,2851.83,1674403916,10646,7794.17,1088239991,0,0,0
1,2,94726.64,61137731,69854.13,164580.77,476800120,129704.88,49864.36,0
1,1,17020.69,1780293706,164580.77,147560.08,1658511941,0,0,0
1,1,6523.19,1264941544,147560.08,141036.89,1878992188,0,0,0
1,1,1383.56,1818449913,5309,3925.44,1495161082,0,0,0
1,5,1580.66,961859592,31156,29575.34,1556995360,12298,0,0
1,1,2466.95,798278875,34978.24,32511.29,1497268815,0,0,0
1,1,1017.85,1926027290,32511.29,31493.45,1837601499,0,0,0
1,1,2270.41,1690050988,60640.12,58369.71,1228798862,0,0,0
1,3,102265.88,1562764987,58369.71,0,392292416,1438958.75,3420103.09,0
1,5,13758.63,216376974,29858,16099.37,1219161283,21305,0,0
1,2,5221.77,164714495,1046,6267.77,317071334,0,139555.44,0
1,1,12256.66,789982400,20800,8543.34,1576277927,0,0,0
1,1,8227.3,2080643905,6207,0,2137642385,0,0,0
1,1,527.15,1627883152,72421,71893.85,481553464,0,0,0
1,1,950.25,1076966140,204944,203993.75,1908781622,0,0,0
1,1,12728.46,749443480,83636,70907.54,796553753,0,0,0
1,1,1002.96,1721045976,8325,7322.04,975001918,0,0,0
1,1,6917.1,1250582716,13555,6637.9,907815246,0,0,0
1,1,1977.17,2019157894,43619,41641.83,677217562,0,0,0
1,1,9314.84,827035437,104536,95221.16,1716164115,0,0,0
1,1,1157.05,1360541835,52867,51709.95,363397863,0,0,0
1,5,3766.99,2021053848,16600,12833.01,1123629720,146166.67,46393.85,0
1,1,3464.41,1245593227,5548,2083.59,1525844775,0,0,0
1,3,68662.06,118555812,2083.59,0,1740000325,145843.39,1363368.51,0
1,5,8679.29,1233505227,150592,141912.71,1877453512,21056,0,0
1,1,15266.05,1928621590,13679,0,1016162524,0,0,0
1,1,8348.75,858423246,0,0,1419125235,0,0,0
1,1,8419.73,88301993,0,0,841166421,0,0,0
1,1,6688.74,1377301456,9207,2518.26,938199512,0,0,0
1,1,1979.94,691779749,82034,80054.06,37841489,0,0,0
1,1,9574.31,1873121466,52463,42888.69,115945887,0,0,0
1,1,5287.68,1927499639,11424,6136.32,2079961240,0,0,0
1,1,10627.18,949673757,6136.32,0,1999664216,0,0,0
1,1,5809.78,532677950,99884,94074.22,688593710,0,0,0
1,4,411363.54,1200048933,39951,0,1049817027,52170,60738.03,0
1,1,4086.5,862025017,0,0,739737502,0,0,0
1,1,19741.22,1572127577,81762.38,62021.17,546796969,0,0,0
1,1,5270.72,417797183,62021.17,56750.45,261845810,0,0,0
1,2,55827.09,1959708563,9907,65734.09,1850180796,19873,1268668.92,0
1,3,174068.82,1877986974,65734.09,0,33524623,1905641.8,1517262.16,0
1,4,1277212.77,1334405552,1277212.77,0,431687661,0,0,1
1,3,1277212.77,467632528,1277212.77,0,716083600,0,2444985.19,1
1,2,24105.5,422522663,144,24249.5,644345897,20875,0,0
1,1,6854.06,145066402,19853,12998.94,207988207,0,0,0
1,3,111899.09,1800500978,12998.94,0,1883840933,1.00E+07,1.69E+07,0
1,1,1231.79,191310504,20792,19560.21,799755007,0,0,0
1,1,3380.1,247515192,19560.21,16180.11,1850137076,0,0,0
1,5,2869.65,1556520190,8768,5898.35,1664439369,15485,5484.37,0
1,1,1658.87,701487403,16543,14884.13,566641954,0,0,0
1,1,823.36,2039984535,14884.13,14060.77,299819831,0,0,0
1,1,7541.47,1175418534,14060.77,6519.3,1442038800,0,0,0
1,5,3635.93,296541232,106929,103293.07,288665596,95816.79,8496.61,0
1,1,1328.59,1997357673,14469,13140.41,1250603112,0,0,0
1,4,56145.85,26357357,21528,0,1058634310,5075,33008.44,0
1,1,973.18,1990733619,10762,9788.82,1806378373,0,0,0
1,1,619.24,1958592872,31960,31340.76,1682733268,0,0,0
1,5,300.41,1395262169,39167,38866.59,736709391,48749.55,46820.71,0
1,4,700967.19,1629454900,15383,0,1060830840,50767.43,130747.56,0
1,1,8354.27,2075372030,5611,0,2092885124,0,0,0
1,5,5423.28,2139168000,20281,14857.72,367746789,11523,0,0
1,1,708.59,1653751526,14857.72,14149.13,67671827,0,0,0
1,1,8358.81,253348306,3467,0,2013768748,0,0,0
1,1,2245.62,194107588,30910,28664.38,1264674474,0,0,0
1,1,4593.59,175595853,78282,73688.41,1339345635,0,0,0
1,1,399.66,1241938981,153760,153360.34,168957945,0,0,0
1,1,1617.9,1004430079,507865,506247.1,1379148981,0,0,0
1,1,2167.26,732597634,13669,11501.74,832432849,0,0,0
1,1,9738.95,2031927175,289748,280009.05,176041373,0,0,0
1,1,3396.25,1967617997,18524,15127.75,726843606,0,0,0
1,1,6780.78,925803196,52640,45859.22,1288135425,0,0,0
1,1,2284.54,49318987,539,0,1058650291,0,0,0
1,1,502.61,2111882926,15156,14653.39,172518776,0,0,0
1,1,8716.47,215759534,8236,0,2129844134,0,0,0
1,3,209370.56,98351968,0,0,885951223,236285.04,215851.28,0
1,3,117023.79,1278616846,0,0,22805895,121366.44,651524.92,0
1,1,10891.96,559050604,4986.72,0,1240843015,0,0,0
1,1,4149.86,697460450,0,0,1416706187,0,0,0
1,1,13252.81,1726616678,0,0,23076423,0,0,0
1,1,1213.64,1006624255,86078,84864.36,1721180011,0,0,0
1,1,5800.85,1349025531,41025,35224.15,1367068823,0,0,0
1,1,8094.53,338620258,50950,42855.47,1251788491,0,0,0
1,1,3825.39,1502668485,4094,268.61,1457551880,0,0,0
1,1,12162.01,903268937,38372.2,26210.19,424732838,0,0,0
1,3,472385.25,1193841543,26210.19,0,392292416,1541224.63,3420103.09,0
1,1,13427.34,315461968,102672,89244.66,290096578,0,0,0
1,1,1873.13,255941269,139873,137999.87,217470033,0,0,0
1,1,6443.58,1917784974,546,0,938405008,0,0,0
1,1,4008.01,855547146,105389,101380.99,211031000,0,0,0
1,3,197186.52,105751207,101380.99,0,998351292,362142.37,1015132.48,0
1,1,1220.37,1174881426,159791,158570.63,14124949,0,0,0
1,5,1683.95,745627268,16741,15057.05,1686100174,11346.62,9837.06,0
1,1,2713.67,1195542839,20210,17496.33,1000171161,0,0,0
1,1,4867.56,130721104,30853.2,25985.64,560549459,0,0,0
1,3,242940.23,1924227192,25985.64,0,453211571,1274680.48,3461666.05,0
1,1,4433.98,583559449,10931,6497.02,1895479349,0,0,0
1,1,2168.8,453671855,653735,651566.2,1648458262,0,0,0
1,1,10059.7,52451302,10776,716.3,650013863,0,0,0
1,1,8092.1,1856093404,1302,0,123337428,0,0,0
1,1,11770.54,105321150,255488,243717.46,1397333381,0,0,0
1,1,1576.78,820878444,18417,16840.22,2016038911,0,0,0
1,1,320.53,1187410086,16482,16161.47,1509713998,0,0,0
1,5,3390.74,95322593,48021,44630.26,1336996537,9463,0,0
1,1,2736.35,802255644,22626.55,19890.19,1525114112,0,0,0
1,1,6029.92,1617156106,19890.19,13860.27,288615534,0,0,0
1,1,7506.65,895366343,13860.27,6353.62,1416665097,0,0,0
1,1,12621.09,707635461,112421,99799.91,619929778,0,0,0
1,1,1582.67,1624211687,14528,12945.33,808447015,0,0,0
1,1,881.26,1997344422,5386,4504.74,1220806149,0,0,0
1,5,4651.67,1410367298,35210,30558.33,824208363,50204.54,0,0
1,1,8074.16,454160179,21495,13420.84,74885833,0,0,0
1,1,4337.08,1827303532,13420.84,9083.76,1004009692,0,0,0
1,5,429.42,791408866,46064,45634.58,1793436274,31281,14566.06,0
1,1,7645.96,515520300,1798,0,569138567,0,0,0
1,4,221654.28,637091966,22377,0,476800120,31493.45,49864.36,0
1,1,10932.41,1428494531,0,0,443110940,0,0,0
1,1,4518.42,1504321715,8790,4271.58,910123336,0,0,0
1,1,1616.52,1260487756,50396,48779.48,455668354,0,0,0
1,1,3545.37,328197868,98028,94482.63,1584918772,0,0,0
1,2,159334.62,431164562,1746897.72,1906232.33,242131142,15735.13,0,0
1,3,334262.17,1163088324,1906232.33,1571970.16,985934102,1288904.4,971418.91,0
1,1,5403.87,696739588,14404,9000.13,1209451152,0,0,0
1,1,13288.84,1228963996,21745,8456.16,373437697,0,0,0
1,1,7079.24,82825098,13878.66,6799.42,2048102341,0,0,0
1,1,4451.95,932885627,6799.42,2347.47,813131188,0,0,0
1,1,25554.79,1251897263,2347.47,0,748006558,0,0,0
1,1,6757.51,1313799195,20874,14116.49,1168079523,0,0,0
1,1,2756.3,2093319848,27839.46,25083.17,2109027570,0,0,0
1,1,4163.82,1151512955,25083.17,20919.34,2052489518,0,0,0
1,5,5416.8,712423434,51206,45789.2,1321530272,19346,23174.68,0
1,1,8356.44,2125470482,26806,18449.56,793269462,0,0,0
1,5,7257.7,1641672672,1369271.13,1362013.43,461160828,13711,17860.54,0
1,1,5570.5,2121317689,1362013.43,1356442.93,15094126,0,0,0
1,1,9181.99,1843743552,1356442.93,1347260.94,1139609587,0,0,0
1,1,663.34,948960194,1347260.94,1346597.6,173060252,0,0,0
1,1,1532.35,1302877661,1346597.6,1345065.25,1720797452,0,0,0
1,1,1180.55,562561015,1345065.25,1343884.7,777813771,0,0,0
1,1,7950.29,567656864,1343884.7,1335934.41,1306535359,0,0,0
1,1,5334.81,1401295795,1335934.41,1330599.59,519019247,0,0,0
1,1,760.21,288919635,1330599.59,1329839.38,1572442646,0,0,0
1,1,1697.56,1052842393,610733.41,609035.85,1545327692,0,0,0
1,1,112.56,167013780,609035.85,608923.29,416049054,0,0,0
1,1,13373.96,779598031,608923.29,595549.33,743219449,0,0,0
1,5,6606.47,108982313,1862,0,1870252780,18868.96,46462.23,0
1,3,208501.33,2113243119,0,0,1816757085,8698085.64,1.07E+07,0
1,1,1045.63,1851255134,26411.48,25365.85,659937029,0,0,0
1,3,363482.02,1457226878,25365.85,0,1899073220,480622.13,420946.86,0
1,5,2935.86,121678773,41256,38320.14,1259769769,18899.88,252055.24,0
1,2,88626.65,1443675930,39083,127709.65,403147759,13360,0,0
1,3,540789.56,1609086753,18130,0,1023714065,1538532.42,1412484.09,0
1,1,10430.39,1427775702,73364.91,62934.52,1468343491,0,0,0
1,1,4279.07,1690481990,62934.52,58655.45,2114537280,0,0,0
1,1,3537.25,2047984839,58655.45,55118.2,80499834,0,0,0
1,4,66225.76,1968552224,11642,0,367746789,16946.28,0,0
1,1,964.77,1095947149,28820,27855.23,898695324,0,0,0
1,1,12178.51,1402531280,0,0,190628410,0,0,0
1,3,310157.55,1556461159,0,0,1590550415,1.91E+07,1.92E+07,0
1,1,2272.54,1642973315,39494,37221.46,1972326147,0,0,0
1,1,6078.56,405741210,16124,10045.44,1764291958,0,0,0
1,1,4108.8,1712230656,12083,7974.2,1777745301,0,0,0
1,1,2671.31,164439551,57811,55139.69,669053685,0,0,0
1,1,12426.38,896852376,32300,19873.62,1840670774,0,0,0
1,1,17373.04,229919394,19873.62,2500.58,769877691,0,0,0
1,1,7272.63,1057569470,85719,78446.37,1637876401,0,0,0
1,1,6548.43,1324262781,204316,197767.57,2014233765,0,0,0
1,1,2644.63,237297104,117,0,1869673263,0,0,0
1,1,6776.93,1418622705,5031,0,1521204009,0,0,0
1,1,1810.41,1925785585,0,0,449338124,0,0,0
1,5,2586.39,1037475674,29859,27272.61,392292416,2013609.89,3420103.09,0
1,4,47564.74,983767354,359.21,0,1671179293,82250,58319.72,0
1,1,5485.04,32393008,0,0,1504083002,0,0,0
1,5,2644.54,1342374939,39695,37050.46,1948471365,63960,18627.02,0
1,1,9361.47,1917562344,31909,22547.53,24097622,0,0,0
1,1,1193.24,1807894765,280,0,598325842,0,0,0
1,5,9549.7,211973922,130,0,728885526,36655,897150.84,0
1,3,593.4,1890287843,0,0,1123629720,149933.66,46393.85,0
1,1,1122.14,156711739,30206,29083.86,1732410217,0,0,0
1,4,264361.19,2017860548,29083.86,0,716083600,1277212.77,2444985.19,0
1,1,8148.08,1413886135,5451,0,1693997031,0,0,0
1,1,8264.22,278262050,172650,164385.78,1489322191,0,0,0
1,1,3393.22,1029898472,340661,337267.78,461516748,0,0,0
1,1,2392.53,614580607,104141,101748.47,1443900956,0,0,0
1,1,5324.43,1934692470,482008.15,476683.72,2032647583,0,0,0
1,3,160700.51,1395073533,476683.72,315983.22,557041912,438917.02,557537.26,0
1,5,8901.32,68195659,8687.52,0,240650537,13182.08,0,0
1,3,9864.23,2142893855,0,0,1254526270,15207.22,0,0
1,1,8791.02,993420850,41330,32538.98,1374982240,0,0,0
1,4,35063.63,1364127192,35063.63,0,1136419747,0,0,1
1,3,35063.63,1635772897,35063.63,0,1983025922,31140,7550.03,1
1,1,1066.04,1768952842,50240,49173.96,485686996,0,0,0
1,5,5430.64,989126847,5656.75,226.11,1526298704,244233.08,32092.07,0
1,3,161796.96,609887969,226.11,0,985934102,1623166.58,971418.91,0
1,3,107292.25,1298380324,0,0,1096283470,199498.92,0,0
1,1,6488.6,1181545730,82949,76460.4,1535116392,0,0,0
1,1,1617.97,773348567,22083.39,20465.43,2115640742,0,0,0
1,3,427175.03,1602167682,20465.43,0,248609774,3404364.13,6453430.91,0
1,5,6765.12,67620673,50317,43551.88,1122805102,16803.8,23568.91,0
1,5,3269.72,1746257394,22906.25,19636.54,793315160,25808.5,139915.18,0
1,1,9499.4,1187779195,19636.54,10137.14,1611221523,0,0,0
1,1,865.77,1523510420,0,0,473073770,0,0,0
1,3,151096.79,977997405,0,0,1049817027,463533.54,60738.03,0
1,5,4244.4,280531669,6055,1810.6,1360767589,1842542.65,2107965.39,0
1,1,885.9,1027569178,1810.6,924.7,893835279,0,0,0
1,1,4322.17,1469907228,51141,46818.83,57085696,0,0,0
1,1,7664.12,1160652496,129,0,1185618138,0,0,0
1,1,3644.85,2030138610,24111,20466.15,1109752797,0,0,0
1,1,12462.9,1988746735,33180,20717.1,1752856108,0,0,0
1,1,3014.54,439232821,15485,12470.46,1933328958,0,0,0
1,1,5880.33,1264754451,11593,5712.67,1888639813,0,0,0
1,1,14025.72,463381475,20309,6283.28,178401052,0,0,0
1,1,12187.88,1441243996,22472,10284.12,936219350,0,0,0
1,1,10777.89,1495445111,105804,95026.11,1113829504,0,0,0
1,1,708.82,720770771,43324,42615.18,1911978617,0,0,0
1,5,5633.3,1038820134,61694,56060.7,1961176822,49578,0,0
1,1,2223.41,1658020779,17,0,2022285740,0,0,0
1,1,2195.63,988690806,9320,7124.37,1593368350,0,0,0
1,5,1668.11,667890001,1080,0,673068808,17145.04,9672.67,0
1,4,281425.06,310276293,0,0,1831477404,299995.48,247063.16,0
1,4,18561.23,1494277749,0,0,1629911510,192136.35,15375.37,0
1,4,39069.42,1091107430,0,0,22805895,238390.23,651524.92,0
1,4,63186.93,521342639,0,0,1123629720,150527.05,46393.85,0
1,4,419757.69,2114629072,0,0,998351292,559328.89,1015132.48,0
1,4,127920.4,557197074,0,0,977993101,330781.11,965870.05,0
1,4,11136.72,669725336,0,0,1782580546,16180.11,27316.83,0
1,4,33782.98,537536188,0,0,1973538135,39134.79,16896.7,0
1,4,3776389.09,197491520,0,0,1883840933,1.01E+07,1.69E+07,0
1,4,1127058.69,458998685,0,0,453211571,1517620.71,3461666.05,0
1,4,112401.53,1700421020,0,0,1688019098,259740.13,97263.78,0
1,4,668237.36,345290829,0,0,1789550256,2115891.91,4619798.56,0
1,4,789419.02,883678948,0,0,1286084959,1967540.22,2107778.11,0
1,4,569068.84,1906947271,0,0,1782113663,1001253.72,3997768.55,0
1,4,682894.68,1177072083,0,0,1023714065,2079321.97,1412484.09,0
1,4,443116.03,2010070923,0,0,564160838,1299990.45,1254956.07,0
1,4,3942.44,502891368,0,0,1225616405,25716.56,0,0
1,4,539430.95,566891420,0,0,1750905143,595549.33,424250.45,0
1,4,598782.65,577734751,0,0,453211571,2644679.4,3461666.05,0
1,4,600581.61,752011518,0,0,1782113663,1570322.56,3997768.55,0
1,4,221297.05,2103569615,0,0,1318822808,595455.57,500631.71,0
1,4,249592.99,214320652,0,0,1318822808,816752.62,500631.71,0
1,1,5170.23,1379207867,184781,179610.77,1746578747,0,0,0
1,1,8553.73,443491171,69404,60850.27,606593028,0,0,0
1,3,9980.32,1589466857,12936,2955.68,1018298342,0,9980.32,0
1,1,11982.62,1676888944,22386,10403.38,6559830,0,0,0
1,5,2763.95,458817438,60249,57485.05,846947180,10137.14,12901.08,0
1,3,265763.02,795273218,57485.05,0,985934102,1784963.53,971418.91,0
1,1,2364.01,1454870101,31392,29027.99,1982958205,0,0,0
1,1,1432.47,709439274,7102,5669.53,846718105,0,0,0
1,1,233.76,1482166692,54214,53980.24,583015088,0,0,0
1,1,13259.12,1091781053,581420.54,568161.42,1280128554,0,0,0
1,1,2364.34,1409342262,568161.42,565797.08,1991724700,0,0,0
1,1,3903.48,762509150,11308,7404.52,145455292,0,0,0
1,4,301298.69,1520491508,213449,0,662736689,25871.21,4891090.56,0
1,1,6623.21,380616082,1036,0,744316958,0,0,0
1,5,1009.43,2145420209,23322,22312.57,1531333864,476138.03,55974.56,0
1,1,1639.33,600017090,5912,4272.67,1215029765,0,0,0
1,1,2033.14,259077766,186592,184558.86,1962398162,0,0,0
1,4,45864.43,1263391254,10675,0,85777802,42769.62,0,0
1,1,11411.34,1554086576,90587,79175.66,1516417700,0,0,0
1,1,23.31,273777019,45360,45336.69,891894789,0,0,0
1,1,613.83,1644864746,368,0,766696861,0,0,0
1,1,7154.46,829737737,10115,2960.54,1296109622,0,0,0
1,1,1091.54,2061226112,74850,73758.46,1103017075,0,0,0
1,1,3193.99,1443173326,29992,26798.01,318794136,0,0,0
1,1,1849.56,939254952,10426,8576.44,55755528,0,0,0
1,1,4170.82,2100771791,31251,27080.18,1835778392,0,0,0
1,1,4099.91,98412281,21262,17162.09,268599241,0,0,0
1,1,5923.01,1420810053,6057,133.99,1736293769,0,0,0
1,4,208376.61,268379633,133.99,0,716083600,1541573.96,2444985.19,0
1,4,131033.44,201392112,0,0,1335050193,141691.68,353532.56,0
1,4,223848.92,641664202,0,0,1526298704,249663.72,32092.07,0
1,4,68332.36,748975217,0,0,1782113663,2170904.16,3997768.55,0
1,4,205368.78,1510087865,0,0,985934102,2050726.55,971418.91,0
1,4,424141.36,1366722422,0,0,2083562754,763134.49,1186556.81,0
1,4,373185.07,254918854,0,0,401424608,430989.2,1178808.14,0
1,4,2258388.15,12139181,0,0,1789550256,2784129.27,4619798.56,0
1,4,250968.18,1251219927,0,0,1782113663,2239236.52,3997768.55,0
1,4,19772.53,792488644,0,0,2094777811,44486.99,64259.52,0
1,4,43023.82,780843029,0,0,660143728,56750.45,42450.71,0
1,4,1628887.72,1739555643,0,0,451111351,1986951.69,3940085.21,0
1,4,755499.13,220165304,0,0,1262822392,8637055.36,1.25E+07,0
1,4,289203.45,1094272405,0,0,998351292,979086.58,1015132.48,0
1,4,902485.36,973604791,0,0,392292416,2016196.28,3420103.09,0
1,4,351854.11,564526486,0,0,451111351,3615839.41,3940085.21,0
1,4,605790.2,1466558382,0,0,401424608,804174.27,1178808.14,0
1,4,353312.93,1551303995,0,0,977993101,458701.51,965870.05,0
1,4,855931.4,649630909,0,0,1234776885,1329839.38,2025098.66,0
1,4,699928.86,679449777,0,0,998351292,1268290.04,1015132.48,0
1,1,5886.25,817054343,29735.29,23849.03,1418315639,0,0,0
1,4,200774.62,913746983,23849.03,0,1810132623,255089.02,97128.19,0
1,5,1088.94,1660451908,5096,4007.06,2001112025,13100.81,0,0
1,1,3500,1224064486,103588,100088,1381857776,0,0,0
1,4,109552.96,1363800072,9915.47,0,1360767589,1846787.05,2107965.39,0
1,4,59531.87,1886567481,0,0,998351292,1968218.89,1015132.48,0
1,4,133637.07,361571676,0,0,306206744,1921882.33,3554299.27,0
1,4,75752.73,749100260,0,0,1688019098,372141.66,97263.78,0
1,4,100362.16,846274760,0,0,747464370,876637.74,1567434.81,0
1,4,191177.92,1460126155,0,0,716083600,1749950.57,2444985.19,0
1,4,435589.96,727497138,0,0,401424608,1409964.46,1178808.14,0
1,4,1950.77,889422145,0,0,614685048,106511.31,0,0
1,4,2223005.62,248483913,0,0,248609774,3831539.16,6453430.91,0
1,4,902505.61,1731137986,0,0,932583850,1571970.16,2719172.89,0
1,4,1201716.66,695248316,0,0,665576141,4139387.14,5515763.34,0
1,4,494972.01,5255258,0,0,1234776885,2185770.78,2025098.66,0
1,4,1417001.19,1928312257,0,0,306206744,2055519.4,3554299.27,0
1,1,3445.96,1834031967,8576,5130.04,1092619788,0,0,0
1,1,2650.82,1089680530,3113,462.18,1337835760,0,0,0
1,1,2073.2,718512571,21363.74,19290.55,1807911555,0,0,0
1,3,319825.94,843867341,19290.55,0,564160838,1743106.48,1254956.07,0
1,3,129431.13,324507700,0,0,747464370,976999.9,1567434.81,0
1,3,105351.94,616443292,0,0,401424608,1845554.42,1178808.14,0
1,3,38167,1540832538,0,0,488044861,82599.36,5203.54,0
1,3,4682.74,183259297,0,0,195600860,27134.6,40348.79,0
1,5,1280.14,626393072,15159,13878.86,1112414583,11898,67762.92,0
1,5,3039.84,1892869131,152809,149769.16,33524623,2079710.62,1517262.16,0
1,1,5998,302987494,164,0,2047744862,0,0,0
1,1,4273,1882116496,0,0,389779746,0,0,0
1,1,3637.13,2081964843,0,0,1984328477,0,0,0
1,1,892.53,1893899796,29998,29105.47,991671211,0,0,0
1,1,10707.6,94682872,42496,31788.4,1086323658,0,0,0
1,1,6380.75,608817143,31788.4,25407.65,1118414398,0,0,0
1,4,271161.74,1658487789,0,0,1219161283,0,0,0
1,4,274108.4,1568949719,0,0,564160838,2062932.43,1254956.07,0
1,5,2676.97,936906727,94551,91874.03,824208363,54856.21,0,0
1,1,7512.61,944752500,20574,13061.39,238874235,0,0,0
1,1,8612.28,1911138454,137974,129361.72,112797307,0,0,0
1,1,413.4,1082865087,56237.03,55823.63,699221219,0,0,0
1,1,6794.39,364704856,55823.63,49029.24,1526305386,0,0,0
1,1,9247.18,1137078855,5582,0,1027200,0,0,0
1,1,2821.51,1919125229,0,0,1688150025,0,0,0
1,4,378703.81,347808407,31813,0,838411509,6353.62,22774.25,0
1,1,9818.95,1773008684,151,0,127356954,0,0,0
1,1,13268.46,437630857,5881.44,0,1475842502,0,0,0
1,2,378896.52,1365575811,0,378896.52,306206744,3472520.59,3554299.27,0
1,2,65671.39,1817154869,378896.52,444567.92,716083600,1941128.49,2444985.19,0
1,2,35492.2,1540476618,444567.92,480060.12,2050019814,377569.57,0,0
1,2,18510.43,818093527,480060.12,498570.55,2089016471,20801,34361.39,0
1,2,83587.86,1234905692,498570.55,582158.41,1219161283,271161.74,0,0
1,2,62455.76,1500379239,582158.41,644614.17,1359044626,171158.16,16518.36,0
1,2,44708.03,203409950,644614.17,689322.19,97730845,51569.17,9940339.29,0
1,2,343189.13,605705199,689322.19,1032511.32,1816757085,8906586.96,1.07E+07,0
1,2,60215.46,876823802,1032511.32,1092726.78,367746789,83172.04,0,0
1,2,235288.68,47918293,1092726.78,1328015.46,306206744,3093624.06,3554299.27,0
1,2,206955.99,1894144426,1328015.46,1534971.46,998351292,2027750.76,1015132.48,0
1,2,383446.61,102103410,1534971.46,1918418.07,564160838,2337040.82,1254956.07,0
1,2,145095.94,677317086,1918418.07,2063514.01,2083562754,1187275.85,1186556.81,0
1,2,300632.87,1933129092,2063514.01,2364146.87,838411509,385057.43,22774.25,0
1,2,119081.76,827328832,2364146.87,2483228.64,1023714065,2762216.66,1412484.09,0
1,2,203148.34,405252209,2483228.64,2686376.98,1750905143,1134980.28,424250.45,0
1,2,104335.07,1223050066,2686376.98,2790712.05,716083600,1875457.1,2444985.19,0
1,2,251482.63,1917442783,2790712.05,3042194.68,1023714065,2643134.89,1412484.09,0
1,2,92784.06,1130551263,3042194.68,3134978.74,1761291320,119296.99,22233.65,0
1,2,21670.38,1713605602,3134978.74,3156649.13,215145189,54530.44,1891.79,0
1,2,175443.85,472234151,3156649.13,3332092.98,392292416,2918681.63,3420103.09,0
1,2,226031.29,537265886,3332092.98,3558124.26,564160838,1953594.21,1254956.07,0
1,2,234052.7,1963974958,3558124.26,3792176.96,1060830840,751734.62,130747.56,0
1,2,229848.96,260638966,3792176.96,4022025.93,2083562754,1042179.91,1186556.81,0
1,2,111655.85,1045985568,4022025.93,4133681.78,1831477404,565797.08,247063.16,0
1,2,51284.87,788048067,4133681.78,4184966.65,248609774,6054544.78,6453430.91,0
1,2,270.78,619985571,4184966.65,4185237.43,875917495,3019,0,0
1,2,154442.99,1677543539,4185237.43,4339680.42,832279283,315983.22,185389.8,0
1,2,34918.59,504478805,4339680.42,4374599.01,1948471365,66604.54,18627.02,0
1,2,57262.72,1967432164,4374599.01,4431861.74,1973538135,72917.77,16896.7,0
1,2,189703.56,1893772493,4431861.74,4621565.3,1531333864,477147.47,55974.56,0
1,2,288838.13,2035801202,4621565.3,4910403.44,1060830840,517681.93,130747.56,0
1,2,61505.91,1790387225,4910403.44,4910403.44,11003494,4910403.44,1.06E+07,0
1,2,404167.6,984412970,4910403.44,4910403.44,11003494,4910403.44,1.06E+07,0
1,2,57323.56,1340057206,4910403.44,4967726.99,660143728,99774.27,42450.71,0
1,2,68988.21,137123763,4967726.99,5036715.2,998351292,1820794.77,1015132.48,0
1,2,74230.21,1541942595,5036715.2,5110945.41,1590550415,1.94E+07,1.92E+07,0
1,2,377287.8,100708535,5110945.41,5488233.21,985934102,2256095.33,971418.91,0
1,2,185897.79,878598679,5488233.21,5674131,1182461167,390209.15,23508.22,0
1,2,173842.23,1587872480,5674131,5847973.23,1291286504,231914.67,66575.5,0
1,2,31646.31,1144897090,5847973.23,5879619.54,1291286504,58072.44,66575.5,0
1,2,48134.99,1195064186,5879619.54,5927754.53,1961176822,55211.3,0,0
1,2,229982.47,24334184,5927754.53,6157737,564160838,1727562.92,1254956.07,0
1,2,216806.48,2008547236,6157737,6374543.48,564160838,1497580.45,1254956.07,0
1,2,117257.18,1590792382,6374543.48,6491800.66,1182461167,204311.36,23508.22,0
1,2,174413.77,1076855029,6491800.66,6666214.43,1123629720,213713.99,46393.85,0
1,2,72897.92,1539088279,6666214.43,6739112.35,662736689,327169.9,4891090.56,0
1,2,82564.24,322830747,6739112.35,6821676.59,2050019814,342077.36,0,0
1,2,63764.9,1094199074,6821676.59,6885441.49,885951223,445655.6,215851.28,0
1,2,183074.81,2108440536,6885441.49,7068516.3,1219161283,187573.89,0,0
1,2,223744.8,1112758237,7068516.3,7292261.09,1831477404,454141.23,247063.16,0
1,2,46179.38,553821397,7292261.09,7338440.47,1096283470,306791.16,0,0
1,2,91611.03,553879264,7338440.47,7430051.5,1750905143,931831.94,424250.45,0
1,2,128022.19,1028472807,7430051.5,7558073.69,1286084959,2756959.24,2107778.11,0
1,2,157949.72,1710783020,7558073.69,7716023.4,985934102,1878807.53,971418.91,0
1,2,26516.56,1365790282,7716023.4,7742539.96,1937962514,63127.8,8383.29,0
1,2,105647.45,1826747905,7742539.96,7848187.42,1068824137,126541.52,265092.36,0
1,2,61858.19,948395645,7848187.42,7910045.61,985934102,1720857.81,971418.91,0
1,2,245041.35,512256603,7910045.61,8155086.95,985934102,1658999.62,971418.91,0
1,2,42922.81,226586078,8155086.95,8198009.76,1182461167,87054.17,23508.22,0
1,2,137465.55,1848886161,8198009.76,8335475.31,1318822808,1066345.61,500631.71,0
1,2,170207.14,1816468636,8335475.31,8505682.45,2050019814,259513.13,0,0
1,2,18513.77,834824701,8505682.45,8524196.22,306206744,2858335.38,3554299.27,0
1,2,199318.34,925568390,8524196.22,8723514.56,1096283470,260611.78,0,0
1,2,26295.3,1198817209,8723514.56,8749809.86,1883840933,1.39E+07,1.69E+07,0
1,2,111549.83,51460663,8749809.86,8861359.69,1749186397,208152.76,277515.05,0
1,2,56912.01,557725225,8861359.69,8918271.71,614685048,108462.08,0,0
1,2,414285.51,1318475957,8918271.71,9332557.22,1049817027,614630.33,60738.03,0
1,2,298109.36,712732521,9332557.22,9630666.58,667346055,493746.17,9291619.62,0
1,2,269736.99,540092563,9630666.58,9900403.57,1526298704,473512.63,32092.07,0
1,2,18622.16,1894698434,9900403.57,9919025.73,1825027294,55379.84,36757.68,0
1,2,183816.31,205615258,9919025.73,1.01E+07,1023714065,2391652.26,1412484.09,0
1,2,143405.8,2108708444,1.01E+07,1.02E+07,667346055,195636.81,9291619.62,0
1,1,449.97,1424788681,13030.57,12580.6,1391119179,0,0,0
1,1,2743.55,1428726828,12580.6,9837.06,710220387,0,0,0
1,1,1548.73,443502884,38285.31,36736.58,517693873,0,0,0
1,1,4828.43,247644034,36736.58,31908.14,214313531,0,0,0
1,1,1737.12,1824570614,31908.14,30171.02,693345846,0,0,0
1,1,1089.31,854989361,30171.02,29081.71,257718694,0,0,0
1,1,5237.7,1720865719,29081.71,23844.01,1392886653,0,0,0
1,1,3364.48,1369468094,23844.01,20479.53,1037942373,0,0,0
1,1,1889.41,1235635586,20479.53,18590.13,876962272,0,0,0
1,1,2685.44,1725054538,11302,8616.56,917277283,0,0,0
1,1,1238.08,1302141801,8616.56,7378.48,1388849499,0,0,0
1,1,17994.24,622820646,7378.48,0,2008159348,0,0,0
1,1,6396.49,1389432760,458,0,1103132232,0,0,0
1,1,2380.21,535352603,6003259.91,6000879.7,2015261478,0,0,0
1,3,139754.72,577245010,6000879.7,5861124.98,932583850,2474475.78,2719172.89,0
1,1,8787.63,1624788833,50784,41996.37,968957548,0,0,0
1,5,2261.24,843959601,3183,921.76,1750905143,840220.91,424250.45,0
1,5,2807.73,1346197173,1704,0,1973538135,15655.05,16896.7,0
1,1,4247.14,1924966548,49049.96,44802.82,1128266449,0,0,0
1,1,4504.48,533173186,44802.82,40298.34,628487793,0,0,0
1,1,3051.76,848958019,236272,233220.24,248487859,0,0,0
1,1,5675.84,758465579,224,0,670689666,0,0,0
1,5,194.4,1167327028,30364,30169.6,75457651,29741.84,31469.78,0
1,1,8176.58,936628786,820,0,817941759,0,0,0
1,1,4074.17,1478334108,574,0,36550900,0,0,0
1,1,13695.83,726051009,27392,13696.17,492252770,0,0,0
1,1,8092.22,701166114,595,0,1187972599,0,0,0
1,3,286803.5,1481751887,0,0,997608398,774294.17,157982.12,0
1,1,3620.25,2094115865,22956.58,19336.33,49547843,0,0,0
1,3,153952.87,1017792343,19336.33,0,1023714065,2207835.95,1412484.09,0
1,1,1335.03,1774468680,2043,707.97,402978317,0,0,0
1,1,96.32,981487964,41255,41158.68,1417554340,0,0,0
1,4,412906.88,478182173,10353,0,1068824137,20894.07,265092.36,0
1,4,288638.46,596333086,0,0,747464370,1106431.03,1567434.81,0
1,1,2918.83,456785282,158,0,1043317832,0,0,0
1,1,4852.65,560465923,30128.26,25275.61,1485485458,0,0,0
1,1,13343.47,210474732,25275.61,11932.14,1288052401,0,0,0
1,5,1672.55,764358458,50419,48746.45,885951223,381890.69,215851.28,0
1,1,1020.89,539240764,75771,74750.11,1883830050,0,0,0
1,1,4440.79,201804812,49624,45183.21,1487230025,0,0,0
1,1,12271.39,1498016680,715,0,1846539844,0,0,0
1,4,379953.15,1490985125,121856,0,459857341,19826.79,387263.02,0
1,1,9198.49,707506411,5970,0,1009326765,0,0,0
1,1,660.52,755328698,35451,34790.48,7548983,0,0,0
1,1,3485.64,1999135802,460,0,52487168,0,0,0
1,1,413.84,85357160,26512.93,26099.09,486348917,0,0,0
1,1,3865.44,683718244,26099.09,22233.65,742672280,0,0,0
1,3,124832.65,452457802,128,0,812586739,4795,122027.28,0
1,4,302151.25,1857910993,166321,0,1234250905,1786,193018.94,0
1,1,1854.51,1130598644,2244,389.49,1293252487,0,0,0
1,1,2850.6,1760401098,51550.07,48699.47,1829966070,0,0,0
1,3,130905.88,841537936,48699.47,0,1068824137,433800.95,265092.36,0
1,1,8782.48,1424439581,21368,12585.52,1354280589,0,0,0
1,2,254286.27,626626764,22351,276637.27,1832532108,11155,0,0
1,1,10239.16,1372137902,276637.27,266398.11,1015799131,0,0,0
1,4,7276.69,701681793,93,0,154319946,1463,0,0
1,5,4993.81,1088744071,20801,15807.19,488044861,120766.35,5203.54,0
1,5,8531.44,1484275564,2080,0,195600860,31817.35,40348.79,0
1,1,4297.27,981159997,7468,3170.73,85121323,0,0,0
1,1,7287.73,1657125852,3170.73,0,2078239671,0,0,0
1,1,5375.2,465909321,81625,76249.8,143486875,0,0,0
1,1,3830.45,1205419533,84182,80351.55,1197176722,0,0,0
1,4,70543.76,1964926542,80351.55,9807.8,997608398,1061097.67,157982.12,0
1,1,3558.79,369901249,20791,17232.21,405488475,0,0,0
1,1,6891.56,80756779,41921,35029.44,49969897,0,0,0
1,1,2875.66,1970779713,399779.94,396904.27,923013679,0,0,0
1,1,4632.68,827579900,396904.27,392271.59,1622135821,0,0,0
1,1,13693.11,681747431,392271.59,378578.48,1059080630,0,0,0
1,4,81222.77,280223635,180207,98984.23,453211571,3243462.05,3461666.05,0
1,5,2801.1,245530164,661,0,63387985,10505,3883.96,0
1,4,273951.34,866273692,0,0,1262822392,9392554.49,1.25E+07,0
1,4,490341.11,242408359,20846,0,1504109395,0,593737.38,0
1,1,226.29,3392189,11762,11535.71,503144273,0,0,0
1,3,204691.97,1009916891,11535.71,0,1068824137,564706.83,265092.36,0
1,1,3399.54,612716569,40264,36864.46,985487390,0,0,0
1,1,261.95,1296928719,1803,1541.05,1628289406,0,0,0
1,1,1815.83,1862674654,383563.24,381747.41,1068232840,0,0,0
1,1,10287.6,507061061,381747.41,371459.81,317960117,0,0,0
1,5,2633.08,1290614253,124905,122271.92,1992550266,17146,0,0
1,1,8818.07,740467528,56054,47235.93,2077662850,0,0,0
1,1,271.77,1960253514,23550.87,23279.1,1370495328,0,0,0
1,1,7017.21,1748097277,23279.1,16261.9,668760567,0,0,0
1,1,16709.74,1803890702,26396,9686.26,984567559,0,0,0
1,1,2020.04,1556061855,9686.26,7666.22,417875774,0,0,0
1,1,3601.28,1513029997,10621,7019.72,439925336,0,0,0
1,5,6027.22,986944742,277100,271072.78,1286084959,2628937.05,2107778.11,0
1,1,7886.77,1616438581,10863,2976.23,1121891386,0,0,0
1,4,421520.68,501951555,80772,0,2083117811,31429.67,290772.6,0
1,1,2444.49,1002041276,31454,29009.51,485475507,0,0,0
1,1,2786.6,724028528,29009.51,26222.91,1869247587,0,0,0
1,1,2186.58,467313213,46265,44078.42,2045913001,0,0,0
1,3,265803.38,1822630059,2634964.27,2369160.89,1839337592,20480,141110.62,0
1,1,12363.37,1356236848,2369160.89,2356797.53,508760925,0,0,0
1,5,3014.72,1987354705,31568,28553.28,40075281,25407.65,28422.37,0
1,4,9533.48,61304908,13056,3522.52,800281454,888,0,0
1,4,139555.44,1733619456,19466,0,317071334,0,139555.44,0
1,1,13525.15,1637601612,173,0,842957574,0,0,0
1,1,5134.7,170106909,341,0,1255109302,0,0,0
1,1,4881.15,1969347346,30241,25359.85,855724043,0,0,0
1,3,130470.14,615853374,25359.85,0,564160838,1280773.97,1254956.07,0
1,4,722161.86,366916060,11120,0,836514715,0,708608.07,0
1,1,5085.47,1855734078,104537,99451.53,1470420462,0,0,0
1,1,4617.63,1526062841,61807,57189.37,977650730,0,0,0
1,1,3941.6,920446957,128,0,1202081661,0,0,0
1,1,1471.39,869290854,0,0,664839586,0,0,0
1,1,5480.96,1989332276,379457,373976.04,54176060,0,0,0
1,1,1834.74,851480926,40061,38226.26,275754769,0,0,0
1,2,365914.64,1895054149,1314,367228.64,614685048,0,0,0
1,1,16472.92,651235118,367228.64,350755.71,279781579,0,0,0
1,1,31922.09,2111247080,350755.71,318833.62,740827140,0,0,0
1,1,6450.56,36627152,2006,0,2080125222,0,0,0
1,3,315325.25,1048128739,0,0,665576141,5341103.79,5515763.34,0
1,1,2869.11,1404834600,116740,113870.89,653345773,0,0,0
1,1,2738.86,1008612116,12622,9883.14,1266093632,0,0,0
1,2,60503.37,2028036437,18465,78968.37,1860513229,55118.2,0,0
1,1,450.55,1420012431,12203,11752.45,426288284,0,0,0
1,5,8161.64,1780399359,99379,91217.36,1504109395,490341.11,593737.38,0
1,4,40149.38,428245792,287443.9,247294.52,1291286504,26426.12,66575.5,0
1,1,5829.39,1353759820,247294.52,241465.13,203472514,0,0,0
1,1,9119.89,331748029,241465.13,232345.24,1056185446,0,0,0
1,1,3854.39,1802736936,11049,7194.61,1647243882,0,0,0
1,1,1053.13,1105090408,107327,106273.87,1599566873,0,0,0
1,1,7296.95,687501326,12853.74,5556.8,1028811481,0,0,0
1,1,9114.34,235151116,5556.8,0,1779914089,0,0,0
1,1,18625.28,295055909,0,0,1060935276,0,0,0
1,1,2134.11,300811000,0,0,1090695601,0,0,0
1,1,3743.03,1638249646,0,0,980533504,0,0,0
1,1,17457.7,1533672820,0,0,254955665,0,0,0
1,1,1098.78,1132369181,0,0,2008229299,0,0,0
1,1,1393.49,1671816300,0,0,2123269713,0,0,0
1,1,3466.83,1240412896,0,0,656349395,0,0,0
1,1,12960.72,1809129176,0,0,1642308093,0,0,0
1,1,3383.61,1370224403,0,0,246264949,0,0,0
1,1,3285.68,1296910502,0,0,828241083,0,0,0
1,1,4898.07,1069584108,0,0,1554877309,0,0,0
1,1,9642.19,2063786038,0,0,623131585,0,0,0
1,1,1919.77,505968231,0,0,779018428,0,0,0
1,1,21820.68,1107404311,0,0,1182758821,0,0,0
1,1,18187.81,465152579,0,0,1108066952,0,0,0
1,1,23069.76,234223040,0,0,814377348,0,0,0
1,1,6820.53,1723278948,0,0,2050275256,0,0,0
1,1,2635.06,1489831627,105,0,1005093407,0,0,0
1,1,5371.1,1689458432,14805,9433.9,996533593,0,0,0
1,3,358124.44,195970976,19909,0,1789550256,5042517.42,4619798.56,0
1,1,2645.88,1957282992,94,0,140428850,0,0,0
1,5,5454.05,470132045,86214,80759.95,1330106945,18590.13,24044.18,0
1,1,2691.57,1710191146,11618,8926.43,1608103523,0,0,0
1,5,3269.57,558404860,57324,54054.43,767904468,20445,0,0
1,1,3623.4,274100821,39410,35786.6,238431319,0,0,0
1,1,102.37,474933596,43046,42943.63,2042917213,0,0,0
1,1,5601.3,1520656618,7638,2036.7,1699265405,0,0,0
1,3,151768.14,237484673,2036.7,0,357863579,179331.6,92307.65,0
1,1,2725.19,1412656257,14785,12059.81,358019805,0,0,0
1,1,1534.54,904208473,12059.81,10525.28,103118806,0,0,0
1,1,402.54,1237144823,10525.28,10122.73,1801422599,0,0,0
1,5,12617.81,1998882269,10709,0,1424082571,30393,0,0
1,1,3631.87,1511180072,13178.14,9546.27,2041264753,0,0,0
1,3,333946.96,1851522556,9546.27,0,1170794006,4921976.75,22190.99,0
1,1,7648.78,1031968647,1596,0,1902455960,0,0,0
1,1,11679.19,1371400311,30414,18734.81,1622694817,0,0,0
1,1,272.8,1227867806,101473,101200.2,292958927,0,0,0
1,1,1380.95,800493254,32860.06,31479.11,225553858,0,0,0
1,3,29587.32,987595204,31479.11,1891.79,998351292,1751806.56,1015132.48,0
1,1,1056.64,438123546,5578,4521.36,29774113,0,0,0
1,1,2515.46,22668134,270,0,1474072872,0,0,0
1,5,6077.94,609389093,73904,67826.06,775514090,11082,0,0
1,5,8648.45,397318359,6734,0,171493374,11010,0,0
1,5,5264.43,1495407511,326183,320918.57,778731861,20989,0,0
1,1,3821.75,1791267914,10183,6361.25,1517758613,0,0,0
1,1,4920.42,972843820,49478,44557.58,1883971879,0,0,0
1,1,5635.6,1055104416,31710.42,26074.82,1563634025,0,0,0
1,1,11508.76,130850024,26074.82,14566.06,774362927,0,0,0
1,1,2147.21,202064342,101336,99188.79,1211586911,0,0,0
1,1,8380.77,738174829,119,0,997294994,0,0,0
1,1,3850.6,1830969563,2839821.61,2835971.01,523051393,0,0,0
